-- phpMyAdmin SQL Dump
-- version 5.2.1
-- https://www.phpmyadmin.net/
--
-- Host: 127.0.0.1
-- Generation Time: Apr 16, 2024 at 08:33 PM
-- Server version: 10.4.28-MariaDB
-- PHP Version: 8.2.4

SET SQL_MODE = "NO_AUTO_VALUE_ON_ZERO";
START TRANSACTION;
SET time_zone = "+00:00";


/*!40101 SET @OLD_CHARACTER_SET_CLIENT=@@CHARACTER_SET_CLIENT */;
/*!40101 SET @OLD_CHARACTER_SET_RESULTS=@@CHARACTER_SET_RESULTS */;
/*!40101 SET @OLD_COLLATION_CONNECTION=@@COLLATION_CONNECTION */;
/*!40101 SET NAMES utf8mb4 */;

--
-- Database: `eas_db`
--

DELIMITER $$
--
-- Procedures
--
CREATE DEFINER=`root`@`localhost` PROCEDURE `GetSubjects` (IN `subjects` INT UNSIGNED)  NO SQL BEGIN 
Select * From subjects;
END$$

DELIMITER ;

-- --------------------------------------------------------

--
-- Table structure for table `audit`
--

CREATE TABLE `audit` (
  `AuditID` int(11) NOT NULL,
  `TableID` int(11) NOT NULL,
  `ContentID` int(11) NOT NULL,
  `Action` varchar(50) NOT NULL,
  `OldData` varchar(1200) NOT NULL,
  `NewData` varchar(1200) NOT NULL,
  `ModifiedBy` int(11) NOT NULL,
  `ModifiedDate` varchar(50) NOT NULL
) ENGINE=InnoDB DEFAULT CHARSET=utf8mb4 COLLATE=utf8mb4_general_ci;

--
-- Dumping data for table `audit`
--

INSERT INTO `audit` (`AuditID`, `TableID`, `ContentID`, `Action`, `OldData`, `NewData`, `ModifiedBy`, `ModifiedDate`) VALUES
(1, 0, 0, '', '', '', 0, ''),
(10, 1, 275, 'Edit subject', 'ECE 033, none, 2, 0, none', 'ECE 033, none1, 2, 0, none', 1, '2024-04-10 19:51:46'),
(11, 4, 132, 'Edit Student', 'ere, basto, deguzman, 969, 2021, DIGITAL ARTS', '', 1, '2024-04-11 02:05:59'),
(12, 4, 132, 'Edit Student', 'ere, basto, deguzman, 970, 2021, COMPUTER SECURITY', 'ere, basto, deguzman, 971, 2022, BUSINESS INFORMATICS', 1, '2024-04-11 02:08:31'),
(13, 1, 275, 'Edit subject', 'ECE 033, none1, 2, 0, none', 'ECE 033, none, 2, 0, none', 1, '2024-04-10 20:10:26'),
(15, 1, 285, 'Add subject', '', 'SubjectID: 285, Pencode: vxc, Description: EW, Lec: 1, Lab: 2, Prerequisite: sad', 1, '2024-04-10 20:22:38'),
(16, 4, 11, 'Edit Student', 'Caramat, Jordan, Nepacina, 03-2122-034293, 2022, SYSTEMS DEVELOPMENT', 'Caramat, Jordan, Nepacina, 03-2122-034293, 2021, DIGITAL ARTS', 1, '2024-04-11 02:34:31'),
(17, 4, 5, 'Edit Student', 'Basa, Daryl, Castro, 03-2122-033733, 2022, SYSTEMS DEVELOPMENT', 'Basa, Daryl, Castro, 03-2122-033733, 2022, SYSTEMS DEVELOPMENT', 1, '2024-04-11 02:59:17'),
(18, 4, 5, 'Edit Student', 'Basa, Daryl, Castro, 03-2122-033733, 2022, SYSTEMS DEVELOPMENT', 'Basa, Daryl, Castro, 03-2122-033733, 2022, SYSTEMS DEVELOPMENT', 1, '2024-04-11 02:59:36'),
(19, 2, 0, 'Add curriculum', '', '2025, , 1, ', 1, '2024-04-10 21:15:33'),
(20, 2, 0, 'Add curriculum', '', '2025, Digital Arts, 9undefined', 1, '2024-04-10 21:16:17'),
(21, 4, 6, 'Edit Student', 'Bautista, William James Mandapat, Bautista, 03-2122-030530, 2022, SYSTEMS DEVELOPMENT', 'Bautista, William James Mandapat, Bautista, 03-2122-030530, 2022, SYSTEMS DEVELOPMENT', 1, '2024-04-11 03:45:45'),
(22, 4, 1, 'Edit Student', 'Alejo, Bryan Josh, Delos Santos, 03-1920-02067, 2022, SYSTEMS DEVELOPMENT', 'Alejo, Bryan Josh, Delos Santos, 03-1920-02067, 2022, SYSTEMS DEVELOPMENT', 1, '2024-04-16 23:45:10'),
(23, 4, 1, 'Edit Student', 'Alejo, Bryan Josh, Delos Santos, 03-1920-02067, 2022, SYSTEMS DEVELOPMENT', 'Alejo, Bryan Josh, Delos Santos, 03-1920-02067, 2022, SYSTEMS DEVELOPMENT', 1, '2024-04-16 23:45:10'),
(24, 2, 0, 'Add curriculum', '', '2024-2025, , 1, ', 1, '2024-04-12 15:36:46'),
(25, 4, 1, 'Edit Student', 'Alejo, Bryan Josh, Delos Santos, 03-1920-02067, 2022, SYSTEMS DEVELOPMENT', 'Alejo, Bryan Josh, Delos Santos, 03-1920-02067, 2022, SYSTEMS DEVELOPMENT', 1, '2024-04-16 23:45:10'),
(26, 2, 3698, '', '', '', 1, ''),
(27, 4, 2, 'Edit Student', 'Aquino, Randall, Guardiana, 03-1920-00521, 2022, SYSTEMS DEVELOPMENT', 'Aquino, Randall, Guardiana, 03-1920-00521, 2021, DIGITAL ARTS', 1, '2024-04-17 02:30:44'),
(34, 2, 3748, '', '', '', 1, ''),
(35, 2, 3710, '', '', '', 1, ''),
(36, 2, 3712, '', '', '', 1, ''),
(37, 2, 3714, '', '', '', 1, ''),
(38, 2, 3713, '', '', '', 1, ''),
(39, 2, 3742, '', '', '', 1, ''),
(40, 2, 3719, '', '', '', 1, ''),
(41, 2, 3706, '', '', '', 1, ''),
(42, 2, 3703, '', '', '', 1, ''),
(43, 2, 3707, '', '', '', 1, ''),
(44, 2, 3704, '', '', '', 1, ''),
(45, 2, 3705, '', '', '', 1, ''),
(46, 2, 3808, '', '', '', 1, ''),
(47, 2, 3764, '', '', '', 1, ''),
(48, 2, 3814, '', '', '', 1, ''),
(49, 2, 3780, '', '', '', 1, ''),
(50, 2, 3765, '', '', '', 1, ''),
(51, 2, 3777, '', '', '', 1, ''),
(52, 2, 3779, '', '', '', 1, ''),
(53, 2, 3778, '', '', '', 1, ''),
(54, 2, 3711, '', '', '', 1, ''),
(55, 2, 3699, '', '', '', 1, ''),
(56, 2, 3743, '', '', '', 1, ''),
(57, 2, 3708, '', '', '', 1, ''),
(58, 2, 3709, '', '', '', 1, ''),
(59, 2, 3720, '', '', '', 1, ''),
(60, 2, 3736, '', '', '', 1, ''),
(61, 2, 3830, '', '', '', 1, ''),
(62, 2, 3880, '', '', '', 1, ''),
(63, 2, 3844, '', '', '', 1, ''),
(64, 2, 3847, '', '', '', 1, ''),
(65, 2, 3845, '', '', '', 1, ''),
(66, 2, 3840, '', '', '', 1, ''),
(67, 2, 3846, '', '', '', 1, ''),
(68, 2, 3874, '', '', '', 1, ''),
(69, 2, 3831, '', '', '', 1, ''),
(70, 2, 3843, '', '', '', 1, ''),
(71, 2, 3842, '', '', '', 1, ''),
(72, 2, 3875, '', '', '', 1, ''),
(73, 2, 2960, '', '', '', 1, ''),
(74, 2, 3004, '', '', '', 1, ''),
(75, 2, 3896, '', '', '', 1, ''),
(76, 2, 3909, '', '', '', 1, ''),
(77, 2, 3911, '', '', '', 1, ''),
(78, 2, 3946, '', '', '', 1, ''),
(79, 2, 3912, '', '', '', 1, ''),
(80, 2, 3910, '', '', '', 1, ''),
(81, 2, 5121, '', '', '', 1, ''),
(82, 2, 5105, '', '', '', 1, ''),
(83, 2, 5171, '', '', '', 1, ''),
(84, 2, 5288, '', '', '', 1, '');

-- --------------------------------------------------------

--
-- Table structure for table `classes`
--

CREATE TABLE `classes` (
  `id` int(30) NOT NULL,
  `level` varchar(200) NOT NULL,
  `section` varchar(200) NOT NULL,
  `date_created` datetime NOT NULL DEFAULT current_timestamp()
) ENGINE=InnoDB DEFAULT CHARSET=utf8mb4 COLLATE=utf8mb4_general_ci;

--
-- Dumping data for table `classes`
--

INSERT INTO `classes` (`id`, `level`, `section`, `date_created`) VALUES
(1, 'Third', 'UP-FA1-BSITSYSDEV3-4', '2020-11-21 13:38:56');

-- --------------------------------------------------------

--
-- Table structure for table `curriculum`
--

CREATE TABLE `curriculum` (
  `CurriculumID` int(128) NOT NULL,
  `syear` int(10) NOT NULL,
  `semester` varchar(128) NOT NULL,
  `descriptive` varchar(128) NOT NULL,
  `status` int(11) NOT NULL,
  `track` int(10) NOT NULL
) ENGINE=InnoDB DEFAULT CHARSET=utf8mb4 COLLATE=utf8mb4_general_ci;

--
-- Dumping data for table `curriculum`
--

INSERT INTO `curriculum` (`CurriculumID`, `syear`, `semester`, `descriptive`, `status`, `track`) VALUES
(13, 2021, '1', '', 0, 0),
(14, 2021, '2', '', 0, 0),
(15, 2021, '3', '', 0, 0),
(16, 2021, '4', '', 0, 0),
(17, 2021, '5', '', 0, 0),
(18, 2021, '6', '', 0, 0),
(19, 2021, '7', '', 0, 0),
(20, 2021, '8', '', 0, 0),
(21, 2022, '1', '', 0, 0),
(22, 2022, '2', '', 0, 0),
(23, 2022, '3', '', 0, 0),
(24, 2022, '4', '', 0, 0),
(25, 2022, '5', '', 0, 0),
(26, 2022, '6', '', 0, 0),
(27, 2022, '7', '', 0, 0),
(28, 2022, '8', '', 0, 0),
(43, 2022, '1', '', 0, 0),
(45, 2022, '6', '', 0, 0),
(47, 2022, '7', '', 0, 0),
(51, 2022, '9', 'BUSINESS INFORMATICS', 0, 1),
(52, 2022, '10', 'COMPUTER SECURITY', 0, 1),
(53, 2022, '11', 'SYSTEMS DEVELOPMENT', 0, 1),
(54, 2022, '12', 'DIGITAL ARTS', 0, 1),
(55, 2018, '1', '', 0, 0),
(70, 2021, '10', 'DIGITAL ARTS', 0, 1),
(71, 2021, '9', 'SYSTEM DEVELOPMENT', 0, 1),
(72, 2021, '11', 'COMPUTER SECURITY', 0, 1),
(73, 2021, '12', 'BUSINESS INFORMATICS', 0, 1),
(74, 2018, '2', '', 0, 0),
(75, 2018, '3', '', 0, 0),
(76, 2018, '4', '', 0, 0),
(77, 2018, '5', '', 0, 0),
(78, 2018, '6', '', 0, 0),
(79, 2018, '7', '', 0, 0),
(80, 2018, '8', '', 0, 0),
(81, 2018, '9', 'Systems Development', 0, 1),
(82, 2018, '10', 'Web Development', 0, 1),
(83, 2018, '11', 'Internet of Things', 0, 1),
(84, 2018, '12', 'Animation', 0, 1),
(85, 2018, '13', 'Service Culture', 0, 1);

-- --------------------------------------------------------

--
-- Table structure for table `curriculumsubject`
--

CREATE TABLE `curriculumsubject` (
  `CurriculumSubjectID` int(11) NOT NULL,
  `CurriculumID` int(11) NOT NULL,
  `SubjectID` int(11) NOT NULL,
  `ordinality` int(11) NOT NULL
) ENGINE=InnoDB DEFAULT CHARSET=utf8mb4 COLLATE=utf8mb4_general_ci;

--
-- Dumping data for table `curriculumsubject`
--

INSERT INTO `curriculumsubject` (`CurriculumSubjectID`, `CurriculumID`, `SubjectID`, `ordinality`) VALUES
(20, 5, 125, 0),
(24, 5, 92, 0),
(27, 2, 109, 0),
(30, 8, 208, 0),
(31, 6, 93, 0),
(32, 6, 84, 0),
(33, 6, 102, 0),
(34, 6, 156, 0),
(36, 2, 208, 0),
(41, 13, 80, 0),
(42, 13, 82, 0),
(43, 13, 101, 0),
(44, 13, 79, 0),
(48, 13, 85, 0),
(50, 14, 91, 0),
(51, 14, 109, 0),
(52, 14, 110, 0),
(57, 14, 94, 0),
(60, 15, 99, 0),
(62, 15, 98, 0),
(64, 15, 97, 0),
(65, 15, 103, 0),
(66, 15, 104, 0),
(70, 16, 96, 0),
(71, 16, 116, 0),
(74, 16, 113, 0),
(75, 16, 114, 0),
(78, 17, 118, 0),
(83, 18, 122, 0),
(91, 19, 237, 0),
(92, 20, 141, 0),
(95, 2, 82, 0),
(96, 30, 125, 0),
(97, 30, 84, 0),
(105, 34, 89, 0),
(117, 34, 125, 0),
(118, 34, 0, 0),
(120, 34, 167, 0),
(121, 34, 0, 0),
(122, 34, 0, 0),
(123, 34, 0, 0),
(124, 34, 0, 0),
(125, 2, 208, 0),
(126, 2, 126, 0),
(127, 2, 209, 0),
(128, 8, 224, 0),
(130, 8, 167, 0),
(131, 44, 78, 0),
(132, 9, 221, 0),
(133, 10, 84, 0),
(134, 11, 167, 0),
(135, 32, 224, 0),
(136, 42, 125, 0),
(137, 42, 167, 0),
(143, 46, 78, 0),
(144, 47, 78, 0),
(145, 33, 84, 0),
(148, 49, 78, 0),
(149, 50, 78, 0),
(151, 21, 0, 0),
(153, 21, 80, 0),
(154, 21, 81, 0),
(155, 21, 82, 0),
(156, 21, 83, 0),
(157, 21, 85, 0),
(158, 21, 86, 0),
(159, 22, 87, 0),
(160, 22, 88, 0),
(161, 22, 89, 0),
(162, 22, 90, 0),
(163, 22, 91, 0),
(164, 22, 92, 0),
(165, 22, 169, 0),
(166, 22, 95, 0),
(167, 23, 96, 0),
(168, 23, 97, 0),
(169, 23, 98, 0),
(170, 23, 99, 0),
(171, 23, 100, 0),
(174, 23, 109, 0),
(175, 23, 101, 0),
(176, 23, 103, 0),
(177, 23, 104, 0),
(179, 24, 106, 0),
(180, 24, 107, 0),
(181, 24, 108, 0),
(182, 24, 110, 0),
(183, 24, 111, 0),
(184, 24, 112, 0),
(185, 24, 113, 0),
(186, 24, 114, 0),
(187, 25, 115, 0),
(188, 25, 116, 0),
(189, 25, 191, 0),
(190, 25, 118, 0),
(191, 25, 119, 0),
(192, 25, 195, 0),
(193, 45, 121, 0),
(194, 45, 122, 0),
(195, 45, 123, 0),
(196, 45, 124, 0),
(197, 45, 202, 0),
(198, 28, 141, 0),
(200, 47, 139, 0),
(201, 47, 140, 0),
(204, 53, 78, 0),
(205, 54, 78, 0),
(206, 51, 208, 1),
(207, 51, 126, 0),
(208, 51, 127, 0),
(210, 52, 128, 0),
(211, 52, 129, 0),
(212, 52, 130, 0),
(213, 53, 131, 1),
(215, 53, 133, 3),
(216, 21, 159, 0),
(217, 54, 134, 0),
(219, 54, 136, 0),
(220, 54, 137, 0),
(226, 33, 221, 0),
(227, 27, 204, 0),
(228, 26, 200, 0),
(229, 26, 201, 0),
(233, 55, 82, 0),
(235, 55, 79, 0),
(237, 55, 81, 0),
(239, 55, 85, 0),
(240, 56, 91, 0),
(242, 56, 110, 0),
(245, 56, 220, 0),
(246, 56, 94, 0),
(247, 56, 238, 0),
(248, 57, 221, 0),
(249, 57, 222, 0),
(250, 57, 92, 0),
(251, 57, 99, 0),
(252, 57, 89, 0),
(253, 57, 173, 0),
(254, 57, 223, 0),
(255, 57, 97, 0),
(256, 57, 103, 0),
(257, 58, 224, 0),
(258, 58, 226, 0),
(259, 58, 194, 0),
(260, 58, 171, 0),
(261, 58, 116, 0),
(262, 58, 227, 0),
(263, 58, 228, 0),
(264, 58, 113, 0),
(265, 58, 114, 0),
(266, 60, 200, 0),
(267, 60, 229, 0),
(268, 60, 230, 0),
(269, 60, 118, 0),
(270, 60, 107, 0),
(271, 60, 121, 0),
(272, 60, 119, 0),
(273, 60, 120, 0),
(274, 61, 201, 0),
(275, 61, 204, 0),
(276, 61, 122, 0),
(277, 61, 231, 0),
(278, 61, 138, 0),
(279, 61, 202, 0),
(280, 62, 234, 0),
(281, 62, 235, 0),
(282, 62, 236, 0),
(283, 63, 141, 0),
(284, 64, 225, 0),
(285, 64, 132, 0),
(286, 64, 232, 0),
(287, 64, 233, 0),
(288, 65, 241, 0),
(289, 65, 242, 0),
(290, 65, 232, 0),
(291, 65, 233, 0),
(293, 66, 245, 0),
(294, 66, 243, 0),
(295, 66, 244, 0),
(296, 66, 246, 0),
(297, 67, 248, 0),
(298, 67, 249, 0),
(299, 67, 135, 0),
(300, 67, 247, 0),
(301, 68, 253, 0),
(302, 68, 250, 0),
(303, 68, 251, 0),
(304, 68, 252, 0),
(306, 71, 133, 3),
(307, 71, 131, 1),
(308, 70, 136, 0),
(309, 70, 137, 0),
(310, 70, 134, 0),
(312, 72, 128, 0),
(315, 73, 125, 0),
(316, 73, 126, 0),
(317, 73, 127, 0),
(318, 21, 160, 0),
(319, 13, 84, 0),
(320, 13, 156, 0),
(321, 13, 151, 0),
(322, 13, 161, 0),
(323, 13, 160, 0),
(324, 13, 159, 0),
(325, 13, 152, 0),
(326, 13, 162, 0),
(327, 13, 158, 0),
(328, 14, 167, 0),
(329, 14, 93, 0),
(330, 14, 168, 0),
(331, 14, 166, 0),
(332, 14, 165, 0),
(333, 14, 163, 0),
(334, 14, 164, 0),
(335, 14, 170, 0),
(336, 14, 169, 0),
(339, 15, 155, 0),
(340, 15, 174, 0),
(341, 15, 175, 0),
(342, 15, 173, 0),
(343, 15, 171, 0),
(344, 15, 172, 0),
(345, 15, 178, 0),
(346, 15, 179, 0),
(347, 16, 176, 0),
(348, 16, 184, 0),
(349, 16, 185, 0),
(350, 16, 186, 0),
(351, 16, 182, 0),
(352, 16, 183, 0),
(353, 16, 180, 0),
(354, 16, 181, 0),
(355, 16, 187, 0),
(356, 16, 188, 0),
(357, 15, 102, 0),
(358, 17, 190, 0),
(359, 17, 192, 0),
(360, 17, 193, 0),
(361, 17, 191, 0),
(362, 17, 189, 0),
(363, 17, 195, 0),
(364, 17, 194, 0),
(365, 18, 200, 0),
(366, 18, 201, 0),
(367, 18, 197, 0),
(368, 18, 196, 0),
(369, 18, 198, 0),
(370, 18, 199, 0),
(371, 18, 202, 0),
(372, 19, 204, 0),
(373, 19, 203, 0),
(374, 19, 206, 0),
(375, 19, 205, 0),
(376, 20, 207, 0),
(377, 70, 216, 3),
(378, 70, 217, 4),
(379, 70, 214, 1),
(380, 70, 215, 2),
(381, 72, 211, 1),
(382, 73, 208, 1),
(383, 73, 209, 2),
(384, 73, 210, 3),
(385, 72, 212, 2),
(386, 72, 213, 3),
(387, 55, 156, 0),
(388, 55, 151, 0),
(389, 55, 155, 0),
(390, 55, 160, 0),
(391, 55, 153, 0),
(392, 55, 152, 0),
(393, 55, 157, 0),
(394, 55, 158, 0),
(395, 74, 167, 0),
(396, 74, 176, 0),
(397, 74, 184, 0),
(398, 74, 168, 0),
(399, 74, 163, 0),
(400, 74, 220, 0),
(401, 74, 238, 0),
(402, 74, 169, 0),
(403, 75, 221, 0),
(404, 75, 222, 0),
(405, 75, 174, 0),
(406, 75, 165, 0),
(407, 75, 223, 0),
(408, 75, 172, 0),
(409, 75, 271, 0),
(410, 75, 266, 0),
(411, 75, 179, 0),
(412, 76, 224, 0),
(413, 76, 226, 0),
(415, 76, 272, 0),
(416, 76, 265, 0),
(417, 76, 227, 0),
(418, 76, 228, 0),
(419, 76, 267, 0),
(420, 76, 188, 0),
(421, 76, 273, 0),
(422, 76, 194, 0),
(423, 77, 200, 0),
(424, 77, 229, 0),
(425, 77, 230, 0),
(426, 77, 192, 0),
(427, 77, 268, 0),
(428, 77, 269, 0),
(429, 77, 193, 0),
(430, 77, 195, 0),
(431, 78, 201, 0),
(432, 78, 204, 0),
(433, 78, 270, 0),
(434, 78, 231, 0),
(435, 78, 203, 0),
(436, 78, 202, 0),
(437, 79, 234, 0),
(438, 79, 235, 0),
(439, 79, 236, 0),
(440, 80, 207, 0),
(441, 81, 225, 1),
(442, 81, 132, 2),
(443, 81, 254, 4),
(444, 81, 255, 3),
(445, 82, 241, 1),
(446, 82, 242, 2),
(447, 82, 232, 4),
(448, 82, 233, 3),
(449, 83, 245, 3),
(450, 83, 243, 1),
(451, 83, 244, 2),
(452, 83, 246, 4),
(453, 84, 248, 3),
(454, 84, 249, 4),
(455, 84, 135, 2),
(456, 84, 247, 1),
(457, 85, 253, 4),
(458, 85, 250, 1),
(459, 85, 251, 2),
(460, 85, 252, 3),
(461, 21, 156, 0),
(462, 21, 151, 0),
(463, 21, 161, 0),
(464, 21, 152, 0),
(465, 21, 162, 0),
(466, 21, 158, 0),
(467, 22, 167, 0),
(468, 22, 168, 0),
(469, 22, 166, 0),
(470, 22, 165, 0),
(471, 22, 163, 0),
(472, 22, 164, 0),
(473, 22, 170, 0),
(474, 23, 176, 0),
(475, 23, 155, 0),
(476, 23, 174, 0),
(477, 23, 175, 0),
(478, 23, 173, 0),
(479, 23, 171, 0),
(480, 23, 172, 0),
(481, 23, 178, 0),
(482, 23, 179, 0),
(483, 24, 184, 0),
(484, 24, 185, 0),
(485, 24, 186, 0),
(486, 24, 182, 0),
(487, 24, 183, 0),
(488, 24, 180, 0),
(489, 24, 181, 0),
(490, 24, 187, 0),
(491, 24, 188, 0),
(492, 25, 194, 0),
(493, 25, 190, 0),
(494, 25, 192, 0),
(495, 25, 193, 0),
(496, 25, 189, 0),
(497, 26, 197, 0),
(498, 26, 196, 0),
(499, 26, 198, 0),
(500, 26, 199, 0),
(501, 27, 203, 0),
(502, 27, 206, 0),
(503, 27, 205, 0),
(504, 28, 207, 0),
(505, 51, 209, 2),
(506, 51, 210, 3),
(507, 52, 211, 1),
(508, 52, 212, 2),
(509, 52, 213, 3),
(510, 53, 256, 2),
(511, 71, 256, 2),
(512, 54, 216, 3),
(513, 54, 217, 4),
(514, 54, 214, 1),
(515, 54, 215, 2);

-- --------------------------------------------------------

--
-- Table structure for table `results`
--

CREATE TABLE `results` (
  `id` int(30) NOT NULL,
  `student_id` int(30) NOT NULL,
  `marks_percentage` varchar(5) NOT NULL,
  `class_id` int(30) NOT NULL,
  `date_created` datetime NOT NULL DEFAULT current_timestamp()
) ENGINE=InnoDB DEFAULT CHARSET=utf8mb4 COLLATE=utf8mb4_general_ci;

--
-- Dumping data for table `results`
--

INSERT INTO `results` (`id`, `student_id`, `marks_percentage`, `class_id`, `date_created`) VALUES
(1, 1, '87.67', 1, '2020-11-21 16:57:05'),
(2, 2, '76', 1, '2020-11-25 16:45:52');

-- --------------------------------------------------------

--
-- Table structure for table `studentcurriculumsubject`
--

CREATE TABLE `studentcurriculumsubject` (
  `StudentCurriculumSubjectID` int(11) NOT NULL,
  `StudentID` int(11) NOT NULL,
  `SubjectID` int(100) NOT NULL,
  `syear` int(11) NOT NULL,
  `Semester` varchar(100) NOT NULL,
  `Grade` double NOT NULL,
  `Status` int(11) NOT NULL
) ENGINE=InnoDB DEFAULT CHARSET=utf8mb4 COLLATE=utf8mb4_general_ci;

--
-- Dumping data for table `studentcurriculumsubject`
--

INSERT INTO `studentcurriculumsubject` (`StudentCurriculumSubjectID`, `StudentID`, `SubjectID`, `syear`, `Semester`, `Grade`, `Status`) VALUES
(202, 126, 221, 2022, '2', 0, 0),
(203, 126, 94, 2022, '2', 0, 0),
(204, 126, 222, 2022, '3', 0, 0),
(205, 126, 223, 2022, '3', 0, 0),
(206, 126, 99, 2022, '3', 0, 0),
(207, 126, 165, 2022, '3', 0, 1),
(208, 126, 98, 2022, '3', 0, 0),
(209, 126, 224, 2022, '3', 0, 1),
(210, 126, 97, 2022, '3', 0, 0),
(211, 126, 103, 2022, '3', 0, 0),
(212, 126, 104, 2022, '3', 0, 0),
(213, 126, 225, 2022, '4', 0, 0),
(214, 126, 227, 2022, '4', 0, 1),
(215, 126, 226, 2022, '4', 0, 1),
(216, 126, 96, 2022, '4', 0, 0),
(217, 126, 116, 2022, '4', 0, 0),
(218, 126, 228, 2022, '4', 0, 1),
(219, 126, 229, 2022, '4', 0, 1),
(220, 126, 113, 2022, '4', 0, 0),
(221, 126, 114, 2022, '4', 0, 0),
(222, 126, 230, 2022, '5', 0, 1),
(223, 126, 231, 2022, '5', 0, 1),
(224, 126, 118, 2022, '5', 0, 0),
(225, 126, 182, 2022, '5', 0, 1),
(226, 126, 196, 2022, '5', 0, 1),
(227, 126, 193, 2022, '5', 0, 1),
(228, 126, 195, 2022, '5', 0, 1),
(229, 126, 122, 2022, '6', 0, 0),
(230, 126, 232, 2022, '6', 0, 1),
(231, 126, 203, 2022, '6', 0, 1),
(232, 126, 233, 2022, '6', 0, 1),
(233, 126, 234, 2022, '6', 0, 1),
(234, 126, 202, 2022, '6', 0, 1),
(235, 126, 235, 2022, '7', 0, 1),
(236, 126, 236, 2022, '7', 0, 1),
(237, 126, 141, 2022, '8', 0, 0),
(238, 126, 126, 2022, '8', 0, 0),
(239, 127, 80, 2022, '1', 0, 0),
(240, 127, 82, 2022, '1', 0, 0),
(241, 127, 101, 2022, '1', 0, 0),
(242, 127, 79, 2022, '1', 0, 0),
(243, 127, 153, 2022, '1', 0, 0),
(244, 127, 152, 2022, '1', 0, 0),
(245, 127, 219, 2022, '1', 0, 0),
(246, 127, 85, 2022, '1', 0, 0),
(247, 127, 84, 2022, '1', 0, 0),
(248, 127, 91, 2022, '2', 0, 0),
(249, 127, 109, 2022, '2', 0, 0),
(291, 128, 80, 2022, '1', 0, 0),
(292, 128, 82, 2022, '1', 0, 0),
(293, 128, 101, 2022, '1', 0, 0),
(294, 128, 79, 2022, '1', 0, 0),
(295, 128, 153, 2022, '1', 0, 0),
(296, 128, 152, 2022, '1', 0, 0),
(297, 128, 219, 2022, '1', 0, 0),
(298, 128, 85, 2022, '1', 0, 0),
(299, 128, 84, 2022, '1', 0, 0),
(300, 128, 91, 2022, '2', 0, 0),
(301, 128, 109, 2022, '2', 0, 0),
(302, 128, 110, 2022, '2', 0, 0),
(303, 128, 168, 2022, '2', 0, 0),
(304, 128, 163, 2022, '2', 0, 1),
(305, 128, 220, 2022, '2', 0, 1),
(306, 128, 221, 2022, '2', 0, 0),
(307, 128, 94, 2022, '2', 0, 0),
(308, 128, 222, 2022, '3', 0, 0),
(309, 128, 223, 2022, '3', 0, 0),
(310, 128, 99, 2022, '3', 0, 0),
(311, 128, 165, 2022, '3', 0, 1),
(312, 128, 98, 2022, '3', 0, 0),
(313, 128, 224, 2022, '3', 0, 1),
(314, 128, 97, 2022, '3', 0, 0),
(315, 128, 103, 2022, '3', 0, 0),
(316, 128, 104, 2022, '3', 0, 0),
(317, 128, 225, 2022, '4', 0, 0),
(318, 128, 227, 2022, '4', 0, 1),
(319, 128, 226, 2022, '4', 0, 1),
(320, 128, 96, 2022, '4', 0, 0),
(321, 128, 116, 2022, '4', 0, 0),
(322, 128, 228, 2022, '4', 0, 1),
(323, 128, 229, 2022, '4', 0, 1),
(324, 128, 113, 2022, '4', 0, 0),
(325, 128, 114, 2022, '4', 0, 0),
(326, 128, 230, 2022, '5', 0, 1),
(327, 128, 231, 2022, '5', 0, 1),
(328, 128, 118, 2022, '5', 0, 0),
(329, 128, 182, 2022, '5', 0, 1),
(330, 128, 196, 2022, '5', 0, 1),
(331, 128, 193, 2022, '5', 0, 1),
(332, 128, 195, 2022, '5', 0, 1),
(333, 128, 122, 2022, '6', 0, 0),
(334, 128, 232, 2022, '6', 0, 1),
(335, 128, 203, 2022, '6', 0, 1),
(470, 129, 80, 2022, '1', 0, 0),
(471, 129, 82, 2022, '1', 0, 0),
(472, 129, 101, 2022, '1', 0, 0),
(473, 129, 79, 2022, '1', 0, 0),
(474, 129, 153, 2022, '1', 0, 0),
(475, 129, 152, 2022, '1', 0, 0),
(476, 129, 219, 2022, '1', 0, 0),
(477, 129, 85, 2022, '1', 0, 0),
(478, 129, 84, 2022, '1', 0, 0),
(479, 129, 91, 2022, '2', 0, 0),
(480, 129, 109, 2022, '2', 0, 0),
(481, 129, 110, 2022, '2', 0, 0),
(482, 129, 168, 2022, '2', 0, 0),
(483, 129, 163, 2022, '2', 0, 1),
(484, 129, 220, 2022, '2', 0, 1),
(485, 129, 221, 2022, '2', 0, 0),
(486, 129, 94, 2022, '2', 0, 0),
(487, 129, 222, 2022, '3', 0, 0),
(488, 129, 223, 2022, '3', 0, 0),
(489, 129, 99, 2022, '3', 0, 0),
(490, 129, 165, 2022, '3', 0, 1),
(491, 129, 98, 2022, '3', 0, 0),
(492, 129, 224, 2022, '3', 0, 1),
(493, 129, 97, 2022, '3', 0, 0),
(494, 129, 103, 2022, '3', 0, 0),
(495, 129, 104, 2022, '3', 0, 0),
(496, 129, 225, 2022, '4', 0, 0),
(497, 129, 227, 2022, '4', 0, 1),
(498, 129, 226, 2022, '4', 0, 1),
(499, 129, 96, 2022, '4', 0, 0),
(500, 129, 116, 2022, '4', 0, 0),
(501, 129, 228, 2022, '4', 0, 1),
(502, 129, 229, 2022, '4', 0, 1),
(503, 129, 113, 2022, '4', 0, 0),
(504, 129, 114, 2022, '4', 0, 0),
(505, 129, 230, 2022, '5', 0, 1),
(506, 129, 231, 2022, '5', 0, 1),
(507, 129, 118, 2022, '5', 0, 0),
(508, 129, 182, 2022, '5', 0, 1),
(509, 129, 196, 2022, '5', 0, 1),
(510, 129, 193, 2022, '5', 0, 1),
(511, 129, 195, 2022, '5', 0, 1),
(512, 129, 122, 2022, '6', 0, 0),
(513, 129, 232, 2022, '6', 0, 1),
(514, 129, 203, 2022, '6', 0, 1),
(515, 129, 233, 2022, '6', 0, 1),
(516, 129, 234, 2022, '6', 0, 1),
(517, 129, 202, 2022, '6', 0, 1),
(518, 129, 235, 2022, '7', 0, 1),
(519, 129, 236, 2022, '7', 0, 1),
(520, 129, 141, 2022, '8', 0, 0),
(521, 129, 126, 2022, '8', 0, 0),
(597, 130, 80, 2022, '1', 0, 0),
(598, 130, 82, 2022, '1', 0, 0),
(599, 130, 101, 2022, '1', 0, 0),
(600, 130, 79, 2022, '1', 0, 0),
(601, 130, 153, 2022, '1', 0, 0),
(602, 130, 152, 2022, '1', 0, 0),
(603, 130, 219, 2022, '1', 0, 0),
(604, 130, 85, 2022, '1', 0, 0),
(605, 130, 84, 2022, '1', 0, 0),
(606, 130, 91, 2022, '2', 0, 0),
(607, 130, 109, 2022, '2', 0, 0),
(608, 130, 110, 2022, '2', 0, 0),
(609, 130, 168, 2022, '2', 0, 0),
(610, 130, 163, 2022, '2', 0, 1),
(611, 130, 220, 2022, '2', 0, 1),
(612, 130, 221, 2022, '2', 0, 0),
(613, 130, 94, 2022, '2', 0, 0),
(614, 130, 222, 2022, '3', 0, 0),
(615, 130, 223, 2022, '3', 0, 0),
(616, 130, 99, 2022, '3', 0, 0),
(617, 130, 165, 2022, '3', 0, 1),
(618, 130, 98, 2022, '3', 0, 0),
(619, 130, 224, 2022, '3', 0, 1),
(620, 130, 97, 2022, '3', 0, 0),
(621, 130, 103, 2022, '3', 0, 0),
(622, 130, 104, 2022, '3', 0, 0),
(623, 130, 225, 2022, '4', 0, 0),
(624, 130, 227, 2022, '4', 0, 1),
(625, 130, 226, 2022, '4', 0, 1),
(626, 130, 96, 2022, '4', 0, 0),
(627, 130, 116, 2022, '4', 0, 0),
(628, 130, 228, 2022, '4', 0, 1),
(629, 130, 229, 2022, '4', 0, 1),
(630, 130, 113, 2022, '4', 0, 0),
(631, 130, 114, 2022, '4', 0, 0),
(632, 130, 230, 2022, '5', 0, 1),
(633, 130, 231, 2022, '5', 0, 1),
(634, 130, 118, 2022, '5', 0, 0),
(635, 130, 182, 2022, '5', 0, 1),
(636, 130, 196, 2022, '5', 0, 1),
(637, 130, 193, 2022, '5', 0, 1),
(638, 130, 195, 2022, '5', 0, 1),
(639, 130, 122, 2022, '6', 0, 0),
(640, 130, 232, 2022, '6', 0, 1),
(641, 130, 203, 2022, '6', 0, 1),
(642, 130, 233, 2022, '6', 0, 1),
(643, 130, 234, 2022, '6', 0, 1),
(644, 130, 202, 2022, '6', 0, 1),
(645, 130, 235, 2022, '7', 0, 1),
(646, 130, 236, 2022, '7', 0, 1),
(647, 130, 141, 2022, '8', 0, 0),
(648, 130, 126, 2022, '8', 0, 0),
(649, 130, 125, 2022, '8', 0, 0),
(650, 130, 208, 2022, '8', 0, 0),
(651, 130, 209, 2022, '8', 0, 1),
(778, 4, 80, 2022, '1', 0, 0),
(779, 4, 82, 2022, '1', 0, 0),
(780, 4, 101, 2022, '1', 0, 0),
(781, 4, 79, 2022, '1', 0, 0),
(782, 4, 153, 2022, '1', 0, 0),
(783, 4, 152, 2022, '1', 0, 0),
(784, 4, 219, 2022, '1', 0, 0),
(785, 4, 85, 2022, '1', 0, 0),
(786, 4, 84, 2022, '1', 0, 0),
(787, 4, 91, 2022, '2', 0, 0),
(788, 4, 109, 2022, '2', 0, 0),
(789, 4, 110, 2022, '2', 0, 0),
(790, 4, 168, 2022, '2', 0, 0),
(791, 4, 163, 2022, '2', 0, 1),
(792, 4, 220, 2022, '2', 0, 1),
(793, 4, 221, 2022, '2', 0, 0),
(794, 4, 94, 2022, '2', 0, 0),
(795, 4, 222, 2022, '3', 0, 0),
(796, 4, 223, 2022, '3', 0, 0),
(797, 4, 99, 2022, '3', 0, 0),
(798, 4, 165, 2022, '3', 0, 1),
(799, 4, 98, 2022, '3', 0, 0),
(800, 4, 224, 2022, '3', 0, 1),
(801, 4, 97, 2022, '3', 0, 0),
(802, 4, 103, 2022, '3', 0, 0),
(803, 4, 104, 2022, '3', 0, 0),
(804, 4, 225, 2022, '4', 0, 0),
(805, 4, 227, 2022, '4', 0, 1),
(806, 4, 226, 2022, '4', 0, 1),
(807, 4, 96, 2022, '4', 0, 0),
(808, 4, 116, 2022, '4', 0, 0),
(809, 4, 228, 2022, '4', 0, 1),
(810, 4, 229, 2022, '4', 0, 1),
(811, 4, 113, 2022, '4', 0, 0),
(812, 4, 114, 2022, '4', 0, 0),
(813, 4, 230, 2022, '5', 0, 1),
(814, 4, 231, 2022, '5', 0, 1),
(815, 4, 118, 2022, '5', 0, 0),
(816, 4, 182, 2022, '5', 0, 1),
(817, 4, 196, 2022, '5', 0, 1),
(818, 4, 193, 2022, '5', 0, 1),
(819, 4, 195, 2022, '5', 0, 1),
(820, 4, 122, 2022, '6', 0, 0),
(821, 4, 232, 2022, '6', 0, 1),
(822, 4, 203, 2022, '6', 0, 1),
(823, 4, 233, 2022, '6', 0, 1),
(824, 4, 234, 2022, '6', 0, 1),
(825, 4, 202, 2022, '6', 0, 1),
(826, 4, 235, 2022, '7', 0, 1),
(827, 4, 236, 2022, '7', 0, 1),
(828, 4, 141, 2022, '8', 0, 0),
(829, 4, 126, 2022, '8', 0, 0),
(830, 4, 125, 2022, '8', 0, 0),
(831, 4, 208, 2022, '8', 0, 0),
(832, 4, 209, 2022, '8', 0, 1),
(943, 7, 80, 2022, '1', 0, 0),
(944, 7, 82, 2022, '1', 0, 0),
(945, 7, 101, 2022, '1', 0, 0),
(946, 7, 79, 2022, '1', 0, 0),
(947, 7, 153, 2022, '1', 0, 0),
(948, 7, 152, 2022, '1', 0, 0),
(949, 7, 219, 2022, '1', 0, 0),
(950, 7, 85, 2022, '1', 0, 0),
(951, 7, 84, 2022, '1', 0, 0),
(952, 7, 91, 2022, '2', 0, 0),
(953, 7, 109, 2022, '2', 0, 0),
(954, 7, 110, 2022, '2', 0, 0),
(955, 7, 168, 2022, '2', 0, 0),
(956, 7, 163, 2022, '2', 0, 1),
(957, 7, 220, 2022, '2', 0, 1),
(958, 7, 221, 2022, '2', 0, 0),
(959, 7, 94, 2022, '2', 0, 0),
(960, 7, 222, 2022, '3', 0, 0),
(961, 7, 223, 2022, '3', 0, 0),
(962, 7, 99, 2022, '3', 0, 0),
(963, 7, 165, 2022, '3', 0, 1),
(964, 7, 98, 2022, '3', 0, 0),
(965, 7, 224, 2022, '3', 0, 1),
(966, 7, 97, 2022, '3', 0, 0),
(967, 7, 103, 2022, '3', 0, 0),
(968, 7, 104, 2022, '3', 0, 0),
(969, 7, 225, 2022, '4', 0, 0),
(970, 7, 227, 2022, '4', 0, 1),
(971, 7, 226, 2022, '4', 0, 1),
(972, 7, 96, 2022, '4', 0, 0),
(973, 7, 116, 2022, '4', 0, 0),
(974, 7, 228, 2022, '4', 0, 1),
(975, 7, 229, 2022, '4', 0, 1),
(976, 7, 113, 2022, '4', 0, 0),
(977, 7, 114, 2022, '4', 0, 0),
(978, 7, 230, 2022, '5', 0, 1),
(979, 7, 231, 2022, '5', 0, 1),
(980, 7, 118, 2022, '5', 0, 0),
(981, 7, 182, 2022, '5', 0, 1),
(982, 7, 196, 2022, '5', 0, 1),
(983, 7, 193, 2022, '5', 0, 1),
(984, 7, 195, 2022, '5', 0, 1),
(985, 7, 122, 2022, '6', 0, 0),
(986, 7, 232, 2022, '6', 0, 1),
(987, 7, 203, 2022, '6', 0, 1),
(988, 7, 233, 2022, '6', 0, 1),
(989, 7, 234, 2022, '6', 0, 1),
(990, 7, 202, 2022, '6', 0, 1),
(991, 7, 235, 2022, '7', 0, 1),
(992, 7, 236, 2022, '7', 0, 1),
(993, 7, 141, 2022, '8', 0, 0),
(994, 7, 126, 2022, '8', 0, 0),
(995, 7, 125, 2022, '8', 0, 0),
(996, 7, 208, 2022, '8', 0, 0),
(997, 7, 209, 2022, '8', 0, 1),
(998, 8, 80, 2022, '1', 0, 0),
(999, 8, 82, 2022, '1', 0, 0),
(1000, 8, 101, 2022, '1', 0, 0),
(1001, 8, 79, 2022, '1', 0, 0),
(1002, 8, 153, 2022, '1', 0, 0),
(1003, 8, 152, 2022, '1', 0, 0),
(1004, 8, 219, 2022, '1', 0, 0),
(1005, 8, 85, 2022, '1', 0, 0),
(1006, 8, 84, 2022, '1', 0, 0),
(1007, 8, 91, 2022, '2', 0, 0),
(1008, 8, 109, 2022, '2', 0, 0),
(1009, 8, 110, 2022, '2', 0, 0),
(1010, 8, 168, 2022, '2', 0, 0),
(1011, 8, 163, 2022, '2', 0, 1),
(1012, 8, 220, 2022, '2', 0, 1),
(1013, 8, 221, 2022, '2', 0, 0),
(1014, 8, 94, 2022, '2', 0, 0),
(1015, 8, 222, 2022, '3', 0, 0),
(1016, 8, 223, 2022, '3', 0, 0),
(1017, 8, 99, 2022, '3', 0, 0),
(1018, 8, 165, 2022, '3', 0, 1),
(1019, 8, 98, 2022, '3', 0, 0),
(1020, 8, 224, 2022, '3', 0, 1),
(1021, 8, 97, 2022, '3', 0, 0),
(1022, 8, 103, 2022, '3', 0, 0),
(1023, 8, 104, 2022, '3', 0, 0),
(1024, 8, 225, 2022, '4', 0, 0),
(1025, 8, 227, 2022, '4', 0, 1),
(1026, 8, 226, 2022, '4', 0, 1),
(1027, 8, 96, 2022, '4', 0, 0),
(1028, 8, 116, 2022, '4', 0, 0),
(1029, 8, 228, 2022, '4', 0, 1),
(1030, 8, 229, 2022, '4', 0, 1),
(1031, 8, 113, 2022, '4', 0, 0),
(1032, 8, 114, 2022, '4', 0, 0),
(1033, 8, 230, 2022, '5', 0, 1),
(1034, 8, 231, 2022, '5', 0, 1),
(1035, 8, 118, 2022, '5', 0, 0),
(1036, 8, 182, 2022, '5', 0, 1),
(1037, 8, 196, 2022, '5', 0, 1),
(1038, 8, 193, 2022, '5', 0, 1),
(1039, 8, 195, 2022, '5', 0, 1),
(1040, 8, 122, 2022, '6', 0, 0),
(1041, 8, 232, 2022, '6', 0, 1),
(1042, 8, 203, 2022, '6', 0, 1),
(1043, 8, 233, 2022, '6', 0, 1),
(1044, 8, 234, 2022, '6', 0, 1),
(1045, 8, 202, 2022, '6', 0, 1),
(1046, 8, 235, 2022, '7', 0, 1),
(1047, 8, 236, 2022, '7', 0, 1),
(1048, 8, 141, 2022, '8', 0, 0),
(1049, 8, 126, 2022, '8', 0, 0),
(1050, 8, 125, 2022, '8', 0, 0),
(1051, 8, 208, 2022, '8', 0, 0),
(1052, 8, 209, 2022, '8', 0, 1),
(1053, 9, 80, 2022, '1', 0, 0),
(1054, 9, 82, 2022, '1', 0, 0),
(1055, 9, 101, 2022, '1', 0, 0),
(1056, 9, 79, 2022, '1', 0, 0),
(1057, 9, 153, 2022, '1', 0, 0),
(1058, 9, 152, 2022, '1', 0, 0),
(1059, 9, 219, 2022, '1', 0, 0),
(1060, 9, 85, 2022, '1', 0, 0),
(1061, 9, 84, 2022, '1', 0, 0),
(1062, 9, 91, 2022, '2', 0, 0),
(1063, 9, 109, 2022, '2', 0, 0),
(1064, 9, 110, 2022, '2', 0, 0),
(1065, 9, 168, 2022, '2', 0, 0),
(1066, 9, 163, 2022, '2', 0, 1),
(1067, 9, 220, 2022, '2', 0, 1),
(1068, 9, 221, 2022, '2', 0, 0),
(1069, 9, 94, 2022, '2', 0, 0),
(1070, 9, 222, 2022, '3', 0, 0),
(1071, 9, 223, 2022, '3', 0, 0),
(1072, 9, 99, 2022, '3', 0, 0),
(1073, 9, 165, 2022, '3', 0, 1),
(1074, 9, 98, 2022, '3', 0, 0),
(1075, 9, 224, 2022, '3', 0, 1),
(1076, 9, 97, 2022, '3', 0, 0),
(1077, 9, 103, 2022, '3', 0, 0),
(1078, 9, 104, 2022, '3', 0, 0),
(1079, 9, 225, 2022, '4', 0, 0),
(1080, 9, 227, 2022, '4', 0, 1),
(1081, 9, 226, 2022, '4', 0, 1),
(1082, 9, 96, 2022, '4', 0, 0),
(1083, 9, 116, 2022, '4', 0, 0),
(1084, 9, 228, 2022, '4', 0, 1),
(1085, 9, 229, 2022, '4', 0, 1),
(1086, 9, 113, 2022, '4', 0, 0),
(1087, 9, 114, 2022, '4', 0, 0),
(1088, 9, 230, 2022, '5', 0, 1),
(1089, 9, 231, 2022, '5', 0, 1),
(1090, 9, 118, 2022, '5', 0, 0),
(1091, 9, 182, 2022, '5', 0, 1),
(1092, 9, 196, 2022, '5', 0, 1),
(1093, 9, 193, 2022, '5', 0, 1),
(1094, 9, 195, 2022, '5', 0, 1),
(1095, 9, 122, 2022, '6', 0, 0),
(1096, 9, 232, 2022, '6', 0, 1),
(1097, 9, 203, 2022, '6', 0, 1),
(1098, 9, 233, 2022, '6', 0, 1),
(1099, 9, 234, 2022, '6', 0, 1),
(1100, 9, 202, 2022, '6', 0, 1),
(1101, 9, 235, 2022, '7', 0, 1),
(1102, 9, 236, 2022, '7', 0, 1),
(1103, 9, 141, 2022, '8', 0, 0),
(1104, 9, 126, 2022, '8', 0, 0),
(1105, 9, 125, 2022, '8', 0, 0),
(1106, 9, 208, 2022, '8', 0, 0),
(1107, 9, 209, 2022, '8', 0, 1),
(1108, 10, 80, 2022, '1', 0, 0),
(1109, 10, 82, 2022, '1', 0, 0),
(1110, 10, 101, 2022, '1', 0, 0),
(1111, 10, 79, 2022, '1', 0, 0),
(1112, 10, 153, 2022, '1', 0, 0),
(1113, 10, 152, 2022, '1', 0, 0),
(1114, 10, 219, 2022, '1', 0, 0),
(1115, 10, 85, 2022, '1', 0, 0),
(1116, 10, 84, 2022, '1', 0, 0),
(1117, 10, 91, 2022, '2', 0, 0),
(1118, 10, 109, 2022, '2', 0, 0),
(1119, 10, 110, 2022, '2', 0, 0),
(1120, 10, 168, 2022, '2', 0, 0),
(1121, 10, 163, 2022, '2', 0, 1),
(1122, 10, 220, 2022, '2', 0, 1),
(1123, 10, 221, 2022, '2', 0, 0),
(1124, 10, 94, 2022, '2', 0, 0),
(1125, 10, 222, 2022, '3', 0, 0),
(1126, 10, 223, 2022, '3', 0, 0),
(1127, 10, 99, 2022, '3', 0, 0),
(1128, 10, 165, 2022, '3', 0, 1),
(1129, 10, 98, 2022, '3', 0, 0),
(1130, 10, 224, 2022, '3', 0, 1),
(1131, 10, 97, 2022, '3', 0, 0),
(1132, 10, 103, 2022, '3', 0, 0),
(1133, 10, 104, 2022, '3', 0, 0),
(1134, 10, 225, 2022, '4', 0, 0),
(1135, 10, 227, 2022, '4', 0, 1),
(1136, 10, 226, 2022, '4', 0, 1),
(1137, 10, 96, 2022, '4', 0, 0),
(1138, 10, 116, 2022, '4', 0, 0),
(1139, 10, 228, 2022, '4', 0, 1),
(1140, 10, 229, 2022, '4', 0, 1),
(1141, 10, 113, 2022, '4', 0, 0),
(1142, 10, 114, 2022, '4', 0, 0),
(1143, 10, 230, 2022, '5', 0, 1),
(1144, 10, 231, 2022, '5', 0, 1),
(1145, 10, 118, 2022, '5', 0, 0),
(1146, 10, 182, 2022, '5', 0, 1),
(1147, 10, 196, 2022, '5', 0, 1),
(1148, 10, 193, 2022, '5', 0, 1),
(1149, 10, 195, 2022, '5', 0, 1),
(1150, 10, 122, 2022, '6', 0, 0),
(1151, 10, 232, 2022, '6', 0, 1),
(1152, 10, 203, 2022, '6', 0, 1),
(1153, 10, 233, 2022, '6', 0, 1),
(1154, 10, 234, 2022, '6', 0, 1),
(1155, 10, 202, 2022, '6', 0, 1),
(1156, 10, 235, 2022, '7', 0, 1),
(1157, 10, 236, 2022, '7', 0, 1),
(1158, 10, 141, 2022, '8', 0, 0),
(1159, 10, 126, 2022, '8', 0, 0),
(1160, 10, 125, 2022, '8', 0, 0),
(1161, 10, 208, 2022, '8', 0, 0),
(1162, 10, 209, 2022, '8', 0, 1),
(2960, 13, 160, 2022, '1', 0, 0),
(2961, 13, 151, 2022, '1', 0, 0),
(2962, 13, 176, 2022, '3', 0, 0),
(2963, 13, 155, 2022, '3', 0, 0),
(2964, 13, 174, 2022, '3', 0, 1),
(2965, 13, 175, 2022, '3', 0, 1),
(2966, 13, 173, 2022, '3', 0, 1),
(2967, 13, 171, 2022, '3', 0, 1),
(2968, 13, 172, 2022, '3', 0, 1),
(2969, 13, 178, 2022, '3', 0, 1),
(2970, 13, 170, 2022, '2', 0, 1),
(2971, 13, 164, 2022, '2', 0, 1),
(2972, 13, 163, 2022, '2', 0, 1),
(2973, 13, 161, 2022, '1', 0, 0),
(2974, 13, 152, 2022, '1', 0, 0),
(2975, 13, 162, 2022, '1', 0, 0),
(2976, 13, 158, 2022, '1', 0, 0),
(2977, 13, 167, 2022, '2', 0, 0),
(2978, 13, 168, 2022, '2', 0, 0),
(2979, 13, 166, 2022, '2', 0, 0),
(2980, 13, 165, 2022, '2', 0, 1),
(2981, 13, 179, 2022, '3', 0, 0),
(2982, 13, 184, 2022, '4', 0, 0),
(2983, 13, 185, 2022, '4', 0, 0),
(2984, 13, 189, 2022, '5', 0, 1),
(2985, 13, 197, 2022, '6', 0, 1),
(2986, 13, 196, 2022, '6', 0, 1),
(2987, 13, 198, 2022, '6', 0, 1),
(2988, 13, 199, 2022, '6', 0, 1),
(2989, 13, 203, 2022, '7', 0, 1),
(2990, 13, 206, 2022, '7', 0, 1),
(2991, 13, 205, 2022, '7', 0, 1),
(2992, 13, 193, 2022, '5', 0, 1),
(2993, 13, 192, 2022, '5', 0, 1),
(2994, 13, 190, 2022, '5', 0, 1),
(2995, 13, 186, 2022, '4', 0, 0),
(2996, 13, 182, 2022, '4', 0, 1),
(2997, 13, 183, 2022, '4', 0, 1),
(2998, 13, 180, 2022, '4', 0, 1),
(2999, 13, 181, 2022, '4', 0, 1),
(3000, 13, 187, 2022, '4', 0, 1),
(3001, 13, 188, 2022, '4', 0, 1),
(3002, 13, 131, 2022, '5', 0, 0),
(3003, 13, 207, 2022, '8', 0, 1),
(3004, 13, 156, 2022, '1', 0, 0),
(3005, 13, 169, 2022, '2', 0, 1),
(3006, 13, 191, 2022, '5', 0, 1),
(3007, 13, 256, 2022, '6', 0, 1),
(3008, 13, 133, 2022, '6', 0, 1),
(3009, 13, 204, 2022, '7', 0, 1),
(3010, 13, 159, 2022, '1', 0, 0),
(3011, 13, 202, 2022, '6', 0, 1),
(3012, 13, 195, 2022, '5', 0, 1),
(3013, 13, 214, 2022, '12', 0, 0),
(3014, 13, 211, 2022, '10', 0, 0),
(3015, 13, 208, 2022, '9', 0, 0),
(3016, 13, 131, 2022, '11', 0, 0),
(3017, 13, 209, 2022, '9', 0, 1),
(3018, 13, 215, 2022, '12', 0, 1),
(3019, 13, 212, 2022, '10', 0, 1),
(3020, 13, 256, 2022, '11', 0, 1),
(3021, 13, 210, 2022, '9', 0, 1),
(3022, 13, 133, 2022, '11', 0, 1),
(3023, 13, 216, 2022, '12', 0, 1),
(3024, 13, 213, 2022, '10', 0, 1),
(3025, 13, 217, 2022, '12', 0, 1),
(3026, 133, 172, 2021, '3', 0, 1),
(3027, 133, 188, 2021, '4', 0, 1),
(3028, 133, 102, 2021, '3', 0, 1),
(3029, 133, 190, 2021, '5', 0, 1),
(3030, 133, 192, 2021, '5', 0, 1),
(3031, 133, 193, 2021, '5', 0, 1),
(3032, 133, 191, 2021, '5', 0, 1),
(3033, 133, 189, 2021, '5', 0, 1),
(3034, 133, 195, 2021, '5', 0, 1),
(3035, 133, 187, 2021, '4', 0, 1),
(3036, 133, 181, 2021, '4', 0, 1),
(3037, 133, 180, 2021, '4', 0, 1),
(3038, 133, 178, 2021, '3', 0, 1),
(3039, 133, 179, 2021, '3', 0, 0),
(3040, 133, 176, 2021, '4', 0, 0),
(3041, 133, 184, 2021, '4', 0, 0),
(3042, 133, 185, 2021, '4', 0, 0),
(3043, 133, 186, 2021, '4', 0, 0),
(3044, 133, 182, 2021, '4', 0, 1),
(3045, 133, 183, 2021, '4', 0, 1),
(3046, 133, 214, 2021, '5', 0, 0),
(3047, 133, 215, 2021, '6', 0, 1),
(3048, 133, 216, 2021, '6', 0, 1),
(3049, 133, 207, 2021, '8', 0, 1),
(3050, 133, 205, 2021, '7', 0, 1),
(3051, 133, 197, 2021, '6', 0, 1),
(3052, 133, 196, 2021, '6', 0, 1),
(3053, 133, 198, 2021, '6', 0, 1),
(3054, 133, 199, 2021, '6', 0, 1),
(3055, 133, 202, 2021, '6', 0, 1),
(3056, 133, 217, 2021, '7', 0, 1),
(3057, 133, 203, 2021, '7', 0, 1),
(3058, 133, 206, 2021, '7', 0, 1),
(3059, 133, 171, 2021, '3', 0, 1),
(3060, 133, 84, 2021, '1', 0, 0),
(3061, 133, 156, 2021, '1', 0, 0),
(3062, 133, 165, 2021, '2', 0, 1),
(3063, 133, 163, 2021, '2', 0, 1),
(3064, 133, 164, 2021, '2', 0, 1),
(3065, 133, 170, 2021, '2', 0, 1),
(3066, 133, 169, 2021, '2', 0, 1),
(3067, 133, 155, 2021, '3', 0, 0),
(3068, 133, 174, 2021, '3', 0, 1),
(3069, 133, 175, 2021, '3', 0, 1),
(3070, 133, 166, 2021, '2', 0, 0),
(3071, 133, 168, 2021, '2', 0, 0),
(3072, 133, 93, 2021, '2', 0, 1),
(3073, 133, 151, 2021, '1', 0, 0),
(3074, 133, 161, 2021, '1', 0, 0),
(3075, 133, 160, 2021, '1', 0, 0),
(3076, 133, 159, 2021, '1', 0, 0),
(3077, 133, 152, 2021, '1', 0, 0),
(3078, 133, 162, 2021, '1', 0, 0),
(3079, 133, 158, 2021, '1', 0, 0),
(3080, 133, 167, 2021, '2', 0, 0),
(3081, 133, 173, 2021, '3', 0, 1),
(3082, 133, 131, 2021, '9', 0, 0),
(3083, 133, 211, 2021, '11', 0, 0),
(3084, 133, 208, 2021, '12', 0, 0),
(3085, 133, 214, 2021, '10', 0, 0),
(3086, 133, 209, 2021, '12', 0, 1),
(3087, 133, 212, 2021, '11', 0, 1),
(3088, 133, 256, 2021, '9', 0, 1),
(3089, 133, 215, 2021, '10', 0, 1),
(3090, 133, 213, 2021, '11', 0, 1),
(3091, 133, 216, 2021, '10', 0, 1),
(3092, 133, 210, 2021, '12', 0, 1),
(3093, 133, 133, 2021, '9', 0, 1),
(3094, 133, 217, 2021, '10', 0, 1),
(3233, 132, 160, 2022, '1', 0, 0),
(3234, 132, 151, 2022, '1', 0, 0),
(3235, 132, 176, 2022, '3', 0, 0),
(3236, 132, 155, 2022, '3', 0, 0),
(3237, 132, 174, 2022, '3', 0, 1),
(3238, 132, 175, 2022, '3', 0, 1),
(3239, 132, 173, 2022, '3', 0, 1),
(3240, 132, 171, 2022, '3', 0, 1),
(3241, 132, 172, 2022, '3', 0, 1),
(3242, 132, 178, 2022, '3', 0, 1),
(3243, 132, 170, 2022, '2', 0, 1),
(3244, 132, 164, 2022, '2', 0, 1),
(3245, 132, 163, 2022, '2', 0, 1),
(3246, 132, 161, 2022, '1', 0, 0),
(3247, 132, 152, 2022, '1', 0, 0),
(3248, 132, 162, 2022, '1', 0, 0),
(3249, 132, 158, 2022, '1', 0, 0),
(3250, 132, 167, 2022, '2', 0, 0),
(3251, 132, 168, 2022, '2', 0, 0),
(3252, 132, 166, 2022, '2', 0, 0),
(3253, 132, 165, 2022, '2', 0, 1),
(3254, 132, 179, 2022, '3', 0, 0),
(3255, 132, 184, 2022, '4', 0, 0),
(3256, 132, 185, 2022, '4', 0, 0),
(3257, 132, 189, 2022, '5', 0, 1),
(3258, 132, 197, 2022, '6', 0, 1),
(3259, 132, 196, 2022, '6', 0, 1),
(3260, 132, 198, 2022, '6', 0, 1),
(3261, 132, 199, 2022, '6', 0, 1),
(3262, 132, 203, 2022, '7', 0, 1),
(3263, 132, 206, 2022, '7', 0, 1),
(3264, 132, 205, 2022, '7', 0, 1),
(3265, 132, 193, 2022, '5', 0, 1),
(3266, 132, 192, 2022, '5', 0, 1),
(3267, 132, 190, 2022, '5', 0, 1),
(3268, 132, 186, 2022, '4', 0, 0),
(3269, 132, 182, 2022, '4', 0, 1),
(3270, 132, 183, 2022, '4', 0, 1),
(3271, 132, 180, 2022, '4', 0, 1),
(3272, 132, 181, 2022, '4', 0, 1),
(3273, 132, 187, 2022, '4', 0, 1),
(3274, 132, 188, 2022, '4', 0, 1),
(3275, 132, 208, 2022, '5', 0, 0),
(3276, 132, 207, 2022, '8', 0, 1),
(3277, 132, 156, 2022, '1', 0, 0),
(3278, 132, 169, 2022, '2', 0, 1),
(3279, 132, 191, 2022, '5', 0, 1),
(3280, 132, 209, 2022, '6', 0, 1),
(3281, 132, 210, 2022, '6', 0, 1),
(3282, 132, 204, 2022, '7', 0, 1),
(3283, 132, 159, 2022, '1', 0, 0),
(3284, 132, 202, 2022, '6', 0, 1),
(3285, 132, 195, 2022, '5', 0, 1),
(3286, 132, 214, 2022, '12', 0, 0),
(3287, 132, 211, 2022, '10', 0, 0),
(3288, 132, 208, 2022, '9', 0, 0),
(3289, 132, 131, 2022, '11', 0, 0),
(3290, 132, 209, 2022, '9', 0, 1),
(3291, 132, 215, 2022, '12', 0, 1),
(3292, 132, 212, 2022, '10', 0, 1),
(3293, 132, 256, 2022, '11', 0, 1),
(3294, 132, 210, 2022, '9', 0, 1),
(3295, 132, 133, 2022, '11', 0, 1),
(3296, 132, 216, 2022, '12', 0, 1),
(3297, 132, 213, 2022, '10', 0, 1),
(3298, 132, 217, 2022, '12', 0, 1),
(3299, 11, 172, 2021, '3', 0, 1),
(3300, 11, 188, 2021, '4', 0, 1),
(3301, 11, 102, 2021, '3', 0, 1),
(3302, 11, 190, 2021, '5', 0, 1),
(3303, 11, 192, 2021, '5', 0, 1),
(3304, 11, 193, 2021, '5', 0, 1),
(3305, 11, 191, 2021, '5', 0, 1),
(3306, 11, 189, 2021, '5', 0, 1),
(3307, 11, 195, 2021, '5', 0, 1),
(3308, 11, 187, 2021, '4', 0, 1),
(3309, 11, 181, 2021, '4', 0, 1),
(3310, 11, 180, 2021, '4', 0, 1),
(3311, 11, 178, 2021, '3', 0, 1),
(3312, 11, 179, 2021, '3', 0, 0),
(3313, 11, 176, 2021, '4', 0, 0),
(3314, 11, 184, 2021, '4', 0, 0),
(3315, 11, 185, 2021, '4', 0, 0),
(3316, 11, 186, 2021, '4', 0, 0),
(3317, 11, 182, 2021, '4', 0, 1),
(3318, 11, 183, 2021, '4', 0, 1),
(3319, 11, 214, 2021, '5', 0, 0),
(3320, 11, 215, 2021, '6', 0, 1),
(3321, 11, 216, 2021, '6', 0, 1),
(3322, 11, 207, 2021, '8', 0, 1),
(3323, 11, 205, 2021, '7', 0, 1),
(3324, 11, 197, 2021, '6', 0, 1),
(3325, 11, 196, 2021, '6', 0, 1),
(3326, 11, 198, 2021, '6', 0, 1),
(3327, 11, 199, 2021, '6', 0, 1),
(3328, 11, 202, 2021, '6', 0, 1),
(3329, 11, 217, 2021, '7', 0, 1),
(3330, 11, 203, 2021, '7', 0, 1),
(3331, 11, 206, 2021, '7', 0, 1),
(3332, 11, 171, 2021, '3', 0, 1),
(3333, 11, 84, 2021, '1', 0, 0),
(3334, 11, 156, 2021, '1', 0, 0),
(3335, 11, 165, 2021, '2', 0, 1),
(3336, 11, 163, 2021, '2', 0, 1),
(3337, 11, 164, 2021, '2', 0, 1),
(3338, 11, 170, 2021, '2', 0, 1),
(3339, 11, 169, 2021, '2', 0, 1),
(3340, 11, 155, 2021, '3', 0, 0),
(3341, 11, 174, 2021, '3', 0, 1),
(3342, 11, 175, 2021, '3', 0, 1),
(3343, 11, 166, 2021, '2', 0, 0),
(3344, 11, 168, 2021, '2', 0, 0),
(3345, 11, 93, 2021, '2', 0, 1),
(3346, 11, 151, 2021, '1', 0, 0),
(3347, 11, 161, 2021, '1', 0, 0),
(3348, 11, 160, 2021, '1', 0, 0),
(3349, 11, 159, 2021, '1', 0, 0),
(3350, 11, 152, 2021, '1', 0, 0),
(3351, 11, 162, 2021, '1', 0, 0),
(3352, 11, 158, 2021, '1', 0, 0),
(3353, 11, 167, 2021, '2', 0, 0),
(3354, 11, 173, 2021, '3', 0, 1),
(3355, 11, 131, 2021, '9', 0, 0),
(3356, 11, 211, 2021, '11', 0, 0),
(3357, 11, 208, 2021, '12', 0, 0),
(3358, 11, 214, 2021, '10', 0, 0),
(3359, 11, 209, 2021, '12', 0, 1),
(3360, 11, 212, 2021, '11', 0, 1),
(3361, 11, 256, 2021, '9', 0, 1),
(3362, 11, 215, 2021, '10', 0, 1),
(3363, 11, 213, 2021, '11', 0, 1),
(3364, 11, 216, 2021, '10', 0, 1),
(3365, 11, 210, 2021, '12', 0, 1),
(3366, 11, 133, 2021, '9', 0, 1),
(3367, 11, 217, 2021, '10', 0, 1),
(3434, 5, 160, 2022, '1', 0, 0),
(3435, 5, 151, 2022, '1', 0, 0),
(3436, 5, 176, 2022, '3', 0, 0),
(3437, 5, 155, 2022, '3', 0, 0),
(3438, 5, 174, 2022, '3', 0, 1),
(3439, 5, 175, 2022, '3', 0, 1),
(3440, 5, 173, 2022, '3', 0, 1),
(3441, 5, 171, 2022, '3', 0, 1),
(3442, 5, 172, 2022, '3', 0, 1),
(3443, 5, 178, 2022, '3', 0, 1),
(3444, 5, 170, 2022, '2', 0, 1),
(3445, 5, 164, 2022, '2', 0, 1),
(3446, 5, 163, 2022, '2', 0, 1),
(3447, 5, 161, 2022, '1', 0, 0),
(3448, 5, 152, 2022, '1', 0, 0),
(3449, 5, 162, 2022, '1', 0, 0),
(3450, 5, 158, 2022, '1', 0, 0),
(3451, 5, 167, 2022, '2', 0, 0),
(3452, 5, 168, 2022, '2', 0, 0),
(3453, 5, 166, 2022, '2', 0, 0),
(3454, 5, 165, 2022, '2', 0, 1),
(3455, 5, 179, 2022, '3', 0, 0),
(3456, 5, 184, 2022, '4', 0, 0),
(3457, 5, 185, 2022, '4', 0, 0),
(3458, 5, 189, 2022, '5', 0, 1),
(3459, 5, 197, 2022, '6', 0, 1),
(3460, 5, 196, 2022, '6', 0, 1),
(3461, 5, 198, 2022, '6', 0, 1),
(3462, 5, 199, 2022, '6', 0, 1),
(3463, 5, 203, 2022, '7', 0, 1),
(3464, 5, 206, 2022, '7', 0, 1),
(3465, 5, 205, 2022, '7', 0, 1),
(3466, 5, 193, 2022, '5', 0, 1),
(3467, 5, 192, 2022, '5', 0, 1),
(3468, 5, 190, 2022, '5', 0, 1),
(3469, 5, 186, 2022, '4', 0, 0),
(3470, 5, 182, 2022, '4', 0, 1),
(3471, 5, 183, 2022, '4', 0, 1),
(3472, 5, 180, 2022, '4', 0, 1),
(3473, 5, 181, 2022, '4', 0, 1),
(3474, 5, 187, 2022, '4', 0, 1),
(3475, 5, 188, 2022, '4', 0, 1),
(3476, 5, 131, 2022, '5', 0, 0),
(3477, 5, 207, 2022, '8', 0, 1),
(3478, 5, 156, 2022, '1', 0, 0),
(3479, 5, 169, 2022, '2', 0, 1),
(3480, 5, 191, 2022, '5', 0, 1),
(3481, 5, 256, 2022, '6', 0, 1),
(3482, 5, 133, 2022, '6', 0, 1),
(3483, 5, 204, 2022, '7', 0, 1),
(3484, 5, 159, 2022, '1', 0, 0),
(3485, 5, 202, 2022, '6', 0, 1),
(3486, 5, 195, 2022, '5', 0, 1),
(3487, 5, 214, 2022, '12', 0, 0),
(3488, 5, 211, 2022, '10', 0, 0),
(3489, 5, 208, 2022, '9', 0, 0),
(3490, 5, 131, 2022, '11', 0, 0),
(3491, 5, 209, 2022, '9', 0, 1),
(3492, 5, 215, 2022, '12', 0, 1),
(3493, 5, 212, 2022, '10', 0, 1),
(3494, 5, 256, 2022, '11', 0, 1),
(3495, 5, 210, 2022, '9', 0, 1),
(3496, 5, 133, 2022, '11', 0, 1),
(3497, 5, 216, 2022, '12', 0, 1),
(3498, 5, 213, 2022, '10', 0, 1),
(3499, 5, 217, 2022, '12', 0, 1),
(3500, 6, 160, 2022, '1', 0, 0),
(3501, 6, 151, 2022, '1', 0, 0),
(3502, 6, 176, 2022, '3', 0, 0),
(3503, 6, 155, 2022, '3', 0, 0),
(3504, 6, 174, 2022, '3', 0, 1),
(3505, 6, 175, 2022, '3', 0, 1),
(3506, 6, 173, 2022, '3', 0, 1),
(3507, 6, 171, 2022, '3', 0, 1),
(3508, 6, 172, 2022, '3', 0, 1),
(3509, 6, 178, 2022, '3', 0, 1),
(3510, 6, 170, 2022, '2', 0, 1),
(3511, 6, 164, 2022, '2', 0, 1),
(3512, 6, 163, 2022, '2', 0, 1),
(3513, 6, 161, 2022, '1', 0, 0),
(3514, 6, 152, 2022, '1', 0, 0),
(3515, 6, 162, 2022, '1', 0, 0),
(3516, 6, 158, 2022, '1', 0, 0),
(3517, 6, 167, 2022, '2', 0, 0),
(3518, 6, 168, 2022, '2', 0, 0),
(3519, 6, 166, 2022, '2', 0, 0),
(3520, 6, 165, 2022, '2', 0, 1),
(3521, 6, 179, 2022, '3', 0, 0),
(3522, 6, 184, 2022, '4', 0, 0),
(3523, 6, 185, 2022, '4', 0, 0),
(3524, 6, 189, 2022, '5', 0, 1),
(3525, 6, 197, 2022, '6', 0, 1),
(3526, 6, 196, 2022, '6', 0, 1),
(3527, 6, 198, 2022, '6', 0, 1),
(3528, 6, 199, 2022, '6', 0, 1),
(3529, 6, 203, 2022, '7', 0, 1),
(3530, 6, 206, 2022, '7', 0, 1),
(3531, 6, 205, 2022, '7', 0, 1),
(3532, 6, 193, 2022, '5', 0, 1),
(3533, 6, 192, 2022, '5', 0, 1),
(3534, 6, 190, 2022, '5', 0, 1),
(3535, 6, 186, 2022, '4', 0, 0),
(3536, 6, 182, 2022, '4', 0, 1),
(3537, 6, 183, 2022, '4', 0, 1),
(3538, 6, 180, 2022, '4', 0, 1),
(3539, 6, 181, 2022, '4', 0, 1),
(3540, 6, 187, 2022, '4', 0, 1),
(3541, 6, 188, 2022, '4', 0, 1),
(3542, 6, 131, 2022, '5', 0, 0),
(3543, 6, 207, 2022, '8', 0, 1),
(3544, 6, 156, 2022, '1', 0, 0),
(3545, 6, 169, 2022, '2', 0, 1),
(3546, 6, 191, 2022, '5', 0, 1),
(3547, 6, 256, 2022, '6', 0, 1),
(3548, 6, 133, 2022, '6', 0, 1),
(3549, 6, 204, 2022, '7', 0, 1),
(3550, 6, 159, 2022, '1', 0, 0),
(3551, 6, 202, 2022, '6', 0, 1),
(3552, 6, 195, 2022, '5', 0, 1),
(3553, 6, 214, 2022, '12', 0, 0),
(3554, 6, 211, 2022, '10', 0, 0),
(3555, 6, 208, 2022, '9', 0, 0),
(3556, 6, 131, 2022, '11', 0, 0),
(3557, 6, 209, 2022, '9', 0, 1),
(3558, 6, 215, 2022, '12', 0, 1),
(3559, 6, 212, 2022, '10', 0, 1),
(3560, 6, 256, 2022, '11', 0, 1),
(3561, 6, 210, 2022, '9', 0, 1),
(3562, 6, 133, 2022, '11', 0, 1),
(3563, 6, 216, 2022, '12', 0, 1),
(3564, 6, 213, 2022, '10', 0, 1),
(3565, 6, 217, 2022, '12', 0, 1),
(3896, 1, 160, 2022, '1', 4, 4),
(3897, 1, 151, 2022, '1', 0, 0),
(3898, 1, 176, 2022, '3', 0, 0),
(3899, 1, 155, 2022, '3', 0, 0),
(3900, 1, 174, 2022, '3', 0, 1),
(3901, 1, 175, 2022, '3', 0, 1),
(3902, 1, 173, 2022, '3', 0, 1),
(3903, 1, 171, 2022, '3', 0, 1),
(3904, 1, 172, 2022, '3', 0, 1),
(3905, 1, 178, 2022, '3', 0, 1),
(3906, 1, 170, 2022, '2', 0, 1),
(3907, 1, 164, 2022, '2', 0, 1),
(3908, 1, 163, 2022, '2', 0, 1),
(3909, 1, 161, 2022, '1', 0, 0),
(3910, 1, 152, 2022, '1', 0, 0),
(3911, 1, 162, 2022, '1', 0, 0),
(3912, 1, 158, 2022, '1', 0, 0),
(3913, 1, 167, 2022, '2', 0, 0),
(3914, 1, 168, 2022, '2', 0, 0),
(3915, 1, 166, 2022, '2', 0, 0),
(3916, 1, 165, 2022, '2', 0, 1),
(3917, 1, 179, 2022, '3', 0, 0),
(3918, 1, 184, 2022, '4', 0, 0),
(3919, 1, 185, 2022, '4', 0, 0),
(3920, 1, 189, 2022, '5', 0, 1),
(3921, 1, 197, 2022, '6', 0, 1),
(3922, 1, 196, 2022, '6', 0, 1),
(3923, 1, 198, 2022, '6', 0, 1),
(3924, 1, 199, 2022, '6', 0, 1),
(3925, 1, 203, 2022, '7', 0, 1),
(3926, 1, 206, 2022, '7', 0, 1),
(3927, 1, 205, 2022, '7', 0, 1),
(3928, 1, 193, 2022, '5', 0, 1),
(3929, 1, 192, 2022, '5', 0, 1),
(3930, 1, 190, 2022, '5', 0, 1),
(3931, 1, 186, 2022, '4', 0, 0),
(3932, 1, 182, 2022, '4', 0, 1),
(3933, 1, 183, 2022, '4', 0, 1),
(3934, 1, 180, 2022, '4', 0, 1),
(3935, 1, 181, 2022, '4', 0, 1),
(3936, 1, 187, 2022, '4', 0, 1),
(3937, 1, 188, 2022, '4', 0, 1),
(3938, 1, 131, 2022, '5', 0, 0),
(3939, 1, 207, 2022, '8', 0, 1),
(3940, 1, 156, 2022, '1', 0, 0),
(3941, 1, 169, 2022, '2', 0, 1),
(3942, 1, 191, 2022, '5', 0, 1),
(3943, 1, 256, 2022, '6', 0, 1),
(3944, 1, 133, 2022, '6', 0, 1),
(3945, 1, 204, 2022, '7', 0, 1),
(3946, 1, 159, 2022, '1', 1.25, 3),
(3947, 1, 202, 2022, '6', 0, 1),
(3948, 1, 195, 2022, '5', 0, 1),
(3949, 1, 214, 2022, '12', 0, 0),
(3950, 1, 211, 2022, '10', 0, 0),
(3951, 1, 208, 2022, '9', 0, 0),
(3952, 1, 131, 2022, '11', 0, 0),
(3953, 1, 209, 2022, '9', 0, 1),
(3954, 1, 215, 2022, '12', 0, 1),
(3955, 1, 212, 2022, '10', 0, 1),
(3956, 1, 256, 2022, '11', 0, 1),
(3957, 1, 210, 2022, '9', 0, 1),
(3958, 1, 133, 2022, '11', 0, 1),
(3959, 1, 216, 2022, '12', 0, 1),
(3960, 1, 213, 2022, '10', 0, 1),
(3961, 1, 217, 2022, '12', 0, 1),
(5237, 2, 172, 2021, '3', 0, 1),
(5238, 2, 188, 2021, '4', 0, 1),
(5239, 2, 102, 2021, '3', 0, 1),
(5240, 2, 190, 2021, '5', 0, 1),
(5241, 2, 192, 2021, '5', 0, 1),
(5242, 2, 193, 2021, '5', 0, 1),
(5243, 2, 191, 2021, '5', 0, 1),
(5244, 2, 189, 2021, '5', 0, 1),
(5245, 2, 195, 2021, '5', 0, 1),
(5246, 2, 187, 2021, '4', 0, 1),
(5247, 2, 181, 2021, '4', 0, 1),
(5248, 2, 180, 2021, '4', 0, 1),
(5249, 2, 178, 2021, '3', 0, 1),
(5250, 2, 179, 2021, '3', 0, 0),
(5251, 2, 176, 2021, '4', 0, 0),
(5252, 2, 184, 2021, '4', 0, 0),
(5253, 2, 185, 2021, '4', 0, 0),
(5254, 2, 186, 2021, '4', 0, 0),
(5255, 2, 182, 2021, '4', 0, 1),
(5256, 2, 183, 2021, '4', 0, 1),
(5257, 2, 214, 2021, '5', 0, 1),
(5258, 2, 215, 2021, '6', 0, 1),
(5259, 2, 216, 2021, '6', 0, 1),
(5260, 2, 207, 2021, '8', 0, 1),
(5261, 2, 205, 2021, '7', 0, 1),
(5262, 2, 197, 2021, '6', 0, 1),
(5263, 2, 196, 2021, '6', 0, 1),
(5264, 2, 198, 2021, '6', 0, 1),
(5265, 2, 199, 2021, '6', 0, 1),
(5266, 2, 202, 2021, '6', 0, 1),
(5267, 2, 217, 2021, '7', 0, 1),
(5268, 2, 203, 2021, '7', 0, 1),
(5269, 2, 206, 2021, '7', 0, 1),
(5270, 2, 171, 2021, '3', 0, 1),
(5271, 2, 84, 2021, '1', 0, 1),
(5272, 2, 156, 2021, '1', 0, 0),
(5273, 2, 165, 2021, '2', 0, 1),
(5274, 2, 163, 2021, '2', 0, 1),
(5275, 2, 164, 2021, '2', 0, 1),
(5276, 2, 170, 2021, '2', 0, 1),
(5277, 2, 169, 2021, '2', 0, 1),
(5278, 2, 155, 2021, '3', 0, 0),
(5279, 2, 174, 2021, '3', 0, 1),
(5280, 2, 175, 2021, '3', 0, 1),
(5281, 2, 166, 2021, '2', 0, 0),
(5282, 2, 168, 2021, '2', 0, 0),
(5283, 2, 93, 2021, '2', 0, 1),
(5284, 2, 151, 2021, '1', 0, 0),
(5285, 2, 161, 2021, '1', 0, 0),
(5286, 2, 160, 2021, '1', 0, 0),
(5287, 2, 159, 2021, '1', 0, 0),
(5288, 2, 152, 2021, '1', 0, 2),
(5289, 2, 162, 2021, '1', 0, 0),
(5290, 2, 158, 2021, '1', 0, 0),
(5291, 2, 167, 2021, '2', 0, 0),
(5292, 2, 173, 2021, '3', 0, 1),
(5293, 2, 131, 2021, '9', 0, 1),
(5294, 2, 211, 2021, '11', 0, 0),
(5295, 2, 208, 2021, '12', 0, 0),
(5296, 2, 214, 2021, '10', 0, 0),
(5297, 2, 209, 2021, '12', 0, 1),
(5298, 2, 212, 2021, '11', 0, 1),
(5299, 2, 256, 2021, '9', 0, 1),
(5300, 2, 215, 2021, '10', 0, 1),
(5301, 2, 213, 2021, '11', 0, 1),
(5302, 2, 216, 2021, '10', 0, 1),
(5303, 2, 210, 2021, '12', 0, 1),
(5304, 2, 133, 2021, '9', 0, 1),
(5305, 2, 217, 2021, '10', 0, 1);

-- --------------------------------------------------------

--
-- Table structure for table `students`
--

CREATE TABLE `students` (
  `id` int(30) NOT NULL,
  `student_code` varchar(50) NOT NULL,
  `firstname` varchar(200) NOT NULL,
  `middlename` varchar(200) NOT NULL,
  `lastname` varchar(200) NOT NULL,
  `gender` varchar(50) NOT NULL,
  `address` text NOT NULL,
  `curriculum_id` varchar(30) CHARACTER SET utf8mb4 COLLATE utf8mb4_unicode_ci NOT NULL,
  `date_created` datetime NOT NULL DEFAULT current_timestamp(),
  `year` varchar(200) NOT NULL,
  `track_id` varchar(128) NOT NULL
) ENGINE=InnoDB DEFAULT CHARSET=utf8mb4 COLLATE=utf8mb4_general_ci;

--
-- Dumping data for table `students`
--

INSERT INTO `students` (`id`, `student_code`, `firstname`, `middlename`, `lastname`, `gender`, `address`, `curriculum_id`, `date_created`, `year`, `track_id`) VALUES
(1, '03-1920-02067', 'Alejo', 'Bryan Josh', 'Delos Santos', 'Male', '123 Main St', '2022', '2023-10-26 00:00:00', '2021-2022', 'SYSTEMS DEVELOPMENT'),
(2, '03-1920-00521', 'Aquino', 'Randall', 'Guardiana', 'Male', '456 Elm St', '2021', '2023-10-26 00:00:00', '2021-2022', 'DIGITAL ARTS'),
(4, '03-1920-02159', 'Barajas', 'Jason Cotora', 'Barajas', 'Male', '987 Pine St', '2022', '2023-10-26 00:00:00', '2021-2022', 'SYSTEMS DEVELOPMENT'),
(5, '03-2122-033733', 'Basa', 'Daryl', 'Castro', 'Male', '321 Maple St', '2022', '2023-10-26 00:00:00', '2021-2022', 'SYSTEMS DEVELOPMENT'),
(6, '03-2122-030530', 'Bautista', 'William James Mandapat', 'Bautista', 'Male', '654 Birch St', '2022', '2023-10-26 00:00:00', '2021-2022', 'SYSTEMS DEVELOPMENT'),
(7, '03-2122-032891', 'Bertillo', 'Anton Gabriel Castro', 'Bertillo', 'Male', '111 Cedar St', '2022', '2023-10-26 00:00:00', '2021-2022', 'SYSTEMS DEVELOPMENT'),
(8, '03-2122-034684', 'Bingyo', 'Amon', 'Terrado', 'Male', '222 Pine St', '2022', '2023-10-26 00:00:00', '2021-2022', 'SYSTEMS DEVELOPMENT'),
(9, '03-1819-03745', 'Bolinas', 'Alden Jr.', 'Ceralde', 'Male', '333 Oak St', '2022', '2023-10-26 00:00:00', '2021-2022', 'SYSTEMS DEVELOPMENT'),
(10, '03-2122-034674', 'Camacho', 'Marc John Drenzel De Veyra', 'Camacho', 'Male', '444 Elm St', '2022', '2023-10-26 00:00:00', '2021-2022', 'SYSTEMS DEVELOPMENT'),
(11, '03-2122-034293', 'Caramat', 'Jordan', 'Nepacina', 'Male', '555 Cedar St', '2021', '2023-10-26 00:00:00', '2022', 'DIGITAL ARTS'),
(12, '03-2122-034047', 'Carino', 'Ivan Daniel Zapata', 'Carino', 'Male', '666 Maple St', '2022', '2023-10-26 00:00:00', '2021-2022', 'SYSTEMS DEVELOPMENT'),
(13, '03-2122-032679', 'Cason', 'Christian', 'Baja', 'Male', '777 Oak St', '2022', '2023-10-26 00:00:00', '2021-2022', 'SYSTEMS DEVELOPMENT'),
(14, '03-1819-00240', 'Casta', 'Shania Erika Lauren', 'Caberto', 'Female', '888 Pine St', '2022', '2023-10-26 00:00:00', '2021-2022', 'SYSTEMS DEVELOPMENT'),
(15, '03-2122-032089', 'Cayabyab', 'Angela Mae', 'Laureano', 'Female', '999 Elm St', '2022', '2023-10-26 00:00:00', '2021-2022', 'SYSTEMS DEVELOPMENT'),
(16, '03-2122-034217', 'Cervantes', 'Cristalyn', 'Ballesteros', 'Female', '1010 Cedar St', '2022', '2023-10-26 00:00:00', '2021-2022', 'SYSTEMS DEVELOPMENT'),
(17, '03-2122-034362', 'Clave', 'John Mark', 'Carolino', 'Male', '1111 Maple St', '2022', '2023-10-26 00:00:00', '2021-2022', 'SYSTEMS DEVELOPMENT'),
(18, '03-2122-032686', 'Cruz', 'Keanu', 'Nevado', 'Male', '1212 Oak St', '2022', '2023-10-26 00:00:00', '2021-2022', 'SYSTEMS DEVELOPMENT'),
(19, '03-2122-034434', 'Dalope', 'Rod Nathaniel', 'Calimum', 'Male', '1313 Pine St', '2022', '2023-10-26 00:00:00', '2021-2022', 'SYSTEMS DEVELOPMENT'),
(20, '03-2122-035615', 'De Guzman', 'Ivan', 'Basto', 'Male', '1414 Elm St', '2022', '2023-10-26 00:00:00', '2021-2022', 'SYSTEMS DEVELOPMENT'),
(21, '03-2122-030517', 'Decano', 'AJ Iverson', 'Quinto', 'Male', '1515 Cedar St', '2022', '2023-10-26 00:00:00', '2021-2022', 'SYSTEMS DEVELOPMENT'),
(22, '03-1920-00412', 'DueÃ±as', 'Monico Jaime', 'Joves', 'Male', '1616 Maple St', '2022', '2023-10-26 00:00:00', '2021-2022', 'SYSTEMS DEVELOPMENT'),
(23, '03-2122-034608', 'Espinoza', 'Justin Paul', 'Magalong', 'Male', '1717 Oak St', '2022', '2023-10-26 00:00:00', '2021-2022', 'SYSTEMS DEVELOPMENT'),
(24, '03-2122-031398', 'Estacio', 'Juliana', 'Sapitula', 'Female', '1818 Pine St', '2022', '2023-10-26 00:00:00', '2021-2022', 'SYSTEMS DEVELOPMENT'),
(25, '03-2122-031618', 'Fernandez', 'Corvie Klain Piansay', 'Fernandez', 'Male', '1919 Elm St', '2022', '2023-10-26 00:00:00', '2021-2022', 'SYSTEMS DEVELOPMENT'),
(26, '03-2122-034364', 'Fernandez', 'Elias Jhunweinn De Villa', 'Fernandez', 'Male', '2020 Cedar St', '2022', '2023-10-26 00:00:00', '2021-2022', 'SYSTEMS DEVELOPMENT'),
(27, '03-2021-04769', 'Francisco', 'Kristian Carlo', 'Seville', 'Male', '2121 Maple St', '2022', '2023-10-26 00:00:00', '2021-2022', 'SYSTEMS DEVELOPMENT'),
(28, '03-2122-033338', 'Gasapo', 'Josh', 'Caasi', 'Male', '2222 Oak St', '2022', '2023-10-26 00:00:00', '2021-2022', 'SYSTEMS DEVELOPMENT'),
(29, '03-1920-01943', 'Gotoc', 'Jomar', '', 'Male', '2323 Pine St', '2022', '2023-10-26 00:00:00', '2021-2022', 'SYSTEMS DEVELOPMENT'),
(30, '03-1920-01167', 'Hilomen', 'Jan-Ray Oswald', 'Gabrillo', 'Male', '2424 Elm St', '2022', '2023-10-26 00:00:00', '2021-2022', 'SYSTEMS DEVELOPMENT'),
(31, '03-2122-033933', 'Ilumin', 'Roy Miguel', 'Mamaril', 'Male', '2525 Cedar St', '2022', '2023-10-26 00:00:00', '2021-2022', 'SYSTEMS DEVELOPMENT'),
(32, '03-2122-035908', 'Junio', 'Vanessa Mei', 'Aldana', 'Female', '2626 Maple St', '2022', '2023-10-26 00:00:00', '2021-2022', 'SYSTEMS DEVELOPMENT'),
(33, '03-2122-035821', 'Ladislao', 'John Mark', 'Sison', 'Male', '2727 Oak St', '2022', '2023-10-26 00:00:00', '2021-2022', 'SYSTEMS DEVELOPMENT'),
(35, '03-2122-034428', 'Mislang', 'Stephanie', 'Bandong', 'Female', '2929 Elm St', '2022', '2023-10-26 00:00:00', '2021-2022', 'SYSTEMS DEVELOPMENT'),
(36, '03-2122-031040', 'Mondares', 'Angelo', 'Bautista', 'Male', '3030 Cedar St', '2022', '2023-10-26 00:00:00', '2021-2022', 'SYSTEMS DEVELOPMENT'),
(37, '03-2122-033033', 'Ocsan', 'Andrei', '', 'Male', '3131 Maple St', '2022', '2023-10-26 00:00:00', '2021-2022', 'SYSTEMS DEVELOPMENT'),
(38, '03-2122-034794', 'Osuna', 'Evan Jay', 'Caoile', 'Male', '3232 Oak St', '2022', '2023-10-26 00:00:00', '2021-2022', 'SYSTEMS DEVELOPMENT'),
(39, '03-2122-031955', 'Pabon', 'Julianne Missy', 'Caasi', 'Female', '3333 Pine St', '2022', '2023-10-26 00:00:00', '2021-2022', 'SYSTEMS DEVELOPMENT'),
(40, '03-2122-034679', 'Paragas', 'Mac Lynard', 'Malogan', 'Male', '3434 Elm St', '2022', '2023-10-26 00:00:00', '2021-2022', 'SYSTEMS DEVELOPMENT'),
(41, '03-1920-05069', 'Quides', 'Rufel', 'Quitiquit', 'Male', '3535 Cedar St', '2022', '2023-10-26 00:00:00', '2021-2022', 'SYSTEMS DEVELOPMENT'),
(42, '03-2122-032314', 'Robles', 'Dennis', 'Datuin', 'Male', '3636 Maple St', '2022', '2023-10-26 00:00:00', '2021-2022', 'SYSTEMS DEVELOPMENT'),
(43, '03-2122-032668', 'Rucker', 'Hans Peter', 'Llamas', 'Male', '3737 Oak St', '2022', '2023-10-26 00:00:00', '2021-2022', 'SYSTEMS DEVELOPMENT'),
(44, '03-2122-033867', 'Runas', 'Mark Joshua', 'Borje', 'Male', '3838 Pine St', '2022', '2023-10-26 00:00:00', '2021-2022', 'SYSTEMS DEVELOPMENT'),
(45, '03-1415-03994', 'Sanarez', 'Francesco Armand', 'Calo', 'Male', '3939 Elm St', '2022', '2023-10-26 00:00:00', '2021-2022', 'SYSTEMS DEVELOPMENT'),
(46, '03-2122-036128', 'Tantay', 'Gio', 'Najera', 'Male', '4040 Cedar St', '', '2023-10-26 00:00:00', '2021-2022', '0'),
(47, '03-1920-02400', 'Tongson', 'James Krelian', 'Cuisin', 'Male', '4141 Maple St', '1', '2023-10-26 00:00:00', '2021-2022', '0'),
(48, '03-2122-034721', 'Urbis', 'Kristopher Von', 'Pinlac', 'Male', '4242 Oak St', '1', '2023-10-26 00:00:00', '2021-2022', '0'),
(49, '03-1920-00150 ', 'Velasco', 'Jasper Louise', 'Brillantes V', 'Male', '4343 Pine St', '1', '2023-10-26 00:00:00', '2021-2022', '0'),
(50, '03-2122-030509', 'Villanueva', 'Shaila Mae', 'Ragudo', 'Female', '4444 Elm St', '1', '2023-10-26 00:00:00', '2021-2022', '0'),
(51, '03-1920-01414', 'Montoya', 'Alexander Jhon', 'Sarmiento', 'Male', '4545 Oak St', '1', '2023-10-26 00:00:00', '2021-2022', '0'),
(129, '03-2122-034827', 'Arandia', 'Ruzzel Chris Martin', 'Arandia', '', '', '2022', '2024-03-28 00:35:16', '', '0'),
(132, '971', 'ere', 'basto', 'deguzman', '', '', '2022', '2024-04-11 01:14:31', '', 'BUSINESS INFORMATICS');

-- --------------------------------------------------------

--
-- Table structure for table `subjectreference`
--

CREATE TABLE `subjectreference` (
  `Subj1` int(11) NOT NULL,
  `Subj2` int(11) NOT NULL
) ENGINE=InnoDB DEFAULT CHARSET=utf8mb4 COLLATE=utf8mb4_general_ci;

-- --------------------------------------------------------

--
-- Table structure for table `subjects`
--

CREATE TABLE `subjects` (
  `SubjectID` int(30) NOT NULL,
  `Pencode` varchar(200) NOT NULL,
  `Description` text NOT NULL,
  `date_created` datetime NOT NULL DEFAULT current_timestamp(),
  `Lec` int(8) NOT NULL,
  `Lab` int(8) NOT NULL,
  `Prerequisite` varchar(128) NOT NULL,
  `Status` int(11) NOT NULL
) ENGINE=InnoDB DEFAULT CHARSET=utf8mb4 COLLATE=utf8mb4_general_ci;

--
-- Dumping data for table `subjects`
--

INSERT INTO `subjects` (`SubjectID`, `Pencode`, `Description`, `date_created`, `Lec`, `Lab`, `Prerequisite`, `Status`) VALUES
(84, 'ENG 212', 'Global Workplace English 1', '2023-10-26 16:40:28', 0, 1, 'none', 0),
(93, 'ENG 213', 'Global Workplace English 2', '2023-10-26 16:40:28', 0, 1, 'ENG 212', 0),
(102, 'ENG 216', 'Global Workplace English 3', '2023-10-26 16:40:28', 0, 2, 'ENG 213', 0),
(120, 'SPP 007', 'Student Success Program 3', '2023-10-26 16:40:28', 1, 0, 'none', 0),
(131, 'ITE 387', 'Advanced Programming', '2023-10-26 16:40:28', 2, 1, 'none', 0),
(132, 'ITE 235', 'Game Development', '2023-10-26 16:40:28', 2, 1, 'ITE 115', 0),
(133, 'ITE 386', 'Cloud Programming', '2023-10-26 16:40:28', 2, 1, 'ITE 387', 0),
(135, 'ITE 239', 'Key Drawing', '2023-10-26 16:40:28', 2, 1, 'ITE 336', 0),
(151, 'GEN 002', 'Understanding the Self', '2024-03-17 20:24:40', 3, 0, 'None', 0),
(152, 'MAT 152', 'Mathematics in the Modern World', '2024-03-17 20:24:40', 3, 0, 'None', 0),
(153, 'ITE 288', 'Introduction to Computing', '2024-03-17 20:24:40', 2, 1, 'None', 0),
(155, 'HIS 007', 'Life and Works of Rizal', '2024-03-17 20:24:40', 3, 0, 'None', 0),
(156, 'GEN 001', 'Purposive Communication', '2024-03-17 20:24:40', 3, 0, 'None', 0),
(157, 'NST 019', 'National Service Training Program', '2024-03-17 20:24:40', 3, 0, 'None', 0),
(158, 'PED 025', 'Movement Enhancement', '2024-03-17 20:24:40', 2, 0, 'None', 0),
(159, 'ITE 366', 'Introduction to Computing (including IT Fundamentals)', '2024-03-17 20:24:40', 2, 1, 'None', 0),
(160, 'ITE 260', 'Computer Programming 1', '2024-03-17 20:24:40', 2, 1, 'None', 0),
(161, 'GEN 006', 'Ethics', '2024-03-17 20:24:40', 3, 0, 'None', 0),
(162, 'NST 021', 'National Service Training Program 1', '2024-03-17 20:24:40', 3, 0, 'None', 0),
(163, 'ITE 186', 'Computer Programming 2', '2024-03-17 20:24:40', 2, 1, 'ITE 260', 0),
(164, 'ITE 399', 'Human Computer Interaction 1', '2024-03-17 20:24:40', 2, 1, 'ITE 366', 0),
(165, 'ITE 048', 'Discrete Structures', '2024-03-17 20:24:40', 3, 0, 'MAT 152', 0),
(166, 'GEN 008', 'Living in the IT Era', '2024-03-17 20:24:40', 3, 0, 'None', 0),
(167, 'ART 002', 'Art Appreciation', '2024-03-17 20:24:40', 3, 0, 'None', 0),
(168, 'GEN 005', 'The Contemporary World', '2024-03-17 20:24:40', 3, 0, 'None', 0),
(169, 'PED 026', 'Fitness Exercise', '2024-03-17 20:24:40', 2, 0, 'PED 025', 0),
(170, 'NST 022', 'National Service Training Program 2', '2024-03-17 20:24:40', 3, 0, 'NST 021', 0),
(171, 'ITE 298', 'Information Management (including Fundamentals of Database Systems)', '2024-03-17 20:24:40', 2, 1, 'ITE 186', 0),
(172, 'ITE 300', 'Object-Oriented Programming', '2024-03-17 20:24:40', 2, 1, 'ITE 186', 0),
(173, 'ITE 292', 'Networking 1', '2024-03-17 20:24:40', 2, 1, 'ITE 366', 0),
(174, 'ITE 031', 'Data Structures and Algorithms', '2024-03-17 20:24:40', 2, 1, 'ITE 186', 0),
(175, 'ITE 083', 'IT Project Management', '2024-03-17 20:24:40', 3, 0, 'ITE 366', 0),
(176, 'GEN 003', 'Science, Technology, and Society', '2024-03-17 20:24:40', 3, 0, 'None', 0),
(178, 'PED 027', 'Physical Activities Towards Health and Fitness', '2024-03-17 20:24:40', 2, 0, 'PED 026', 0),
(179, 'SSP 005', 'Student Success Program 1', '2024-03-17 20:24:40', 1, 0, 'None', 0),
(180, 'ITE 393', 'Application Development and Emerging Technologies(including Event Driven)', '2024-03-17 20:24:40', 2, 1, 'ITE 300', 0),
(181, 'ITE 400', 'System Integration and Architecture', '2024-03-17 20:24:40', 2, 1, 'ITE 083', 0),
(182, 'ITE 308', 'Web Systems and Technologies', '2024-03-17 20:24:40', 2, 1, 'ITE 300', 0),
(183, 'ITE 380', 'Human Computer Interaction 2', '2024-03-17 20:24:40', 3, 0, 'ITE 399', 0),
(184, 'GEN 004', 'Readings in Philippine History', '2024-03-17 20:24:40', 3, 0, 'None', 0),
(185, 'GEN 009', 'The Entrepreneurial Mind', '2024-03-17 20:24:40', 3, 0, 'None', 0),
(186, 'GEN 013', 'People and the Earths Ecosystems', '2024-03-17 20:24:40', 3, 0, 'None', 0),
(187, 'PED 028', 'Physical Activities Towards Health and Fitness 2', '2024-03-17 20:24:40', 2, 0, 'PED 027', 0),
(188, 'SSP 006', 'Student Success Program 2', '2024-03-17 20:24:40', 1, 0, 'SSP 005', 0),
(189, 'ITE 359', 'Networking 2', '2024-03-17 20:24:40', 2, 1, 'ITE 292', 0),
(190, 'ITE 302', 'Information Assurance and Security 1', '2024-03-17 20:24:40', 2, 1, 'ITE 298', 0),
(191, 'ITE 353', 'Data Scalability & Analytics', '2024-03-17 20:24:40', 3, 0, 'MAT 152', 0),
(192, 'ITE 307', 'Quantitative Methods', '2024-03-17 20:24:40', 3, 0, 'MAT 152', 0),
(193, 'ITE 314', 'Advanced Database Systems', '2024-03-17 20:24:40', 2, 1, 'ITE 298', 0),
(194, '', 'IT Elective 1', '2024-03-17 20:24:40', 2, 1, '', 0),
(195, 'SSP 007', 'Student Success Program 3', '2024-03-17 20:24:40', 1, 0, 'SSP 006', 0),
(196, 'ITE 309', 'Capstone Project and Research 1', '2024-03-17 20:24:40', 3, 0, 'ITE 400', 0),
(197, 'ITE 293', 'Systems Administration and Maintenance', '2024-03-17 20:24:40', 2, 1, 'ITE 359', 0),
(198, 'ITE 370', 'Information Assurance and Security 2', '2024-03-17 20:24:40', 2, 1, 'ITE 302', 0),
(199, 'ITE 401', 'Platform Technologies', '2024-03-17 20:24:40', 2, 1, 'ITE 393', 0),
(200, '', 'IT Elective 2', '2024-03-17 20:24:40', 2, 1, '', 0),
(201, '', 'IT Elective 3', '2024-03-17 20:24:40', 2, 1, '', 0),
(202, 'SSP 008', 'Student Success Program 4', '2024-03-17 20:24:40', 1, 0, 'SSP 007', 0),
(203, 'ITE 310', 'Capstone Project and Research 2', '2024-03-17 20:24:40', 3, 0, 'ITE 309', 0),
(204, '', 'IT Elective 4', '2024-03-17 20:24:40', 1, 0, '', 0),
(205, 'ITE 381', 'IT Business Solutions', '2024-03-17 20:24:40', 3, 0, 'ITE 309', 0),
(206, 'ITE 367', 'Managing IT Resources (including Social and Professional issues)', '2024-03-17 20:24:40', 3, 0, 'ITE 302', 0),
(207, 'ITE 311', 'IT Practicum', '2024-03-17 20:24:40', 6, 0, '4th Year Standing', 0),
(208, 'BAM 285', 'Business Analytics for IT', '2024-03-17 20:24:40', 2, 1, 'None', 0),
(209, 'BAM 286', 'Applied Analytics in Business for IT', '2024-03-17 20:24:40', 2, 1, 'BAM 285', 0),
(210, 'ITE 382', 'Intelligent Systems', '2024-03-17 20:24:40', 2, 1, 'BAM 285', 0),
(211, 'ITE 383', 'Network Security', '2024-03-17 20:24:40', 2, 1, 'None', 0),
(212, 'ITE 384', 'Computer Forensics', '2024-03-17 20:24:40', 2, 1, 'ITE 383', 0),
(213, 'ITE 385', 'Ethical Hacking', '2024-03-17 20:24:40', 2, 1, 'ITE 383', 0),
(214, 'ITE 391', 'Freehand Digital Drawing', '2024-03-17 20:24:40', 2, 1, 'None', 0),
(215, 'ITE 392', 'Script Writing and Storyboard Design', '2024-03-17 20:24:40', 2, 1, 'ITE 391', 0),
(216, 'ITE 240', '3D Animation', '2024-03-17 20:24:40', 2, 1, 'ITE 391', 0),
(217, 'ITE 388', 'Clean-up and in-between', '2024-03-17 20:24:40', 2, 1, 'ITE 391', 0),
(218, 'NST 016', 'National Service Training Program 2 (CWTS)', '2024-03-18 23:47:01', 2, 1, 'None', 0),
(219, 'NST 015', 'National Service Training Program(CWTS)', '2024-03-18 23:47:01', 2, 1, 'None', 0),
(220, 'ITE 291', 'Human Computer Interaction', '2024-03-18 23:47:01', 2, 1, 'ITE 288', 0),
(221, 'FIL 124', 'Kontektstwalisadong Komunikasyon sa Filipino', '2024-03-18 23:47:01', 2, 1, 'None', 0),
(222, 'FIL 127', 'Sosyedad at Literatura/Panitikang Panlipunan', '2024-03-18 23:47:01', 2, 1, 'None', 0),
(223, 'ITE 299', 'Ethics for IT (Including Social and Professional Issues)', '2024-03-18 23:47:01', 2, 1, 'None', 0),
(224, 'FIL 125', 'Filipino sa Iba\'t Ibang Disiplina', '2024-03-18 23:47:01', 3, 0, 'FIL 124', 0),
(225, 'ITE 115', 'Advanced Programming (OOP)', '2024-03-18 23:47:01', 2, 1, 'None', 0),
(226, 'FIL 128', 'SineSosyedad/Pelikulang Panlipunan', '2024-03-18 23:47:01', 3, 0, 'FIL 127', 0),
(227, 'ITE 303', 'Systems Integration and Architecture 1', '2024-03-18 23:47:01', 2, 1, 'ITE 300', 0),
(228, 'ITE 304', 'Networking 2', '2024-03-18 23:47:01', 2, 1, 'ITE 292', 0),
(229, 'ITE 301', 'Application Development and Emerging Technologies', '2024-03-18 23:47:01', 3, 0, 'ITE 298', 0),
(230, 'ITE 306', 'Integrative Programming and Technologies', '2024-03-18 23:47:01', 2, 1, 'ITE 303', 0),
(231, 'ITE 305', 'Information Assurance and Security 2', '2024-03-18 23:47:01', 2, 1, 'ITE 302', 0),
(232, 'ITE 333', 'Intelligent Systems', '2024-03-18 23:47:01', 2, 1, 'ITE 233', 0),
(233, 'ITE 335', 'Platform Technologies', '2024-03-18 23:47:01', 2, 1, 'ITE 233', 0),
(234, 'ITE 322', 'Managing IT Resources', '2024-03-18 23:47:01', 2, 1, 'ITE 303', 0),
(235, 'ITE 351', 'New Venture Creation (4 units)', '2024-03-18 23:47:01', 4, 0, 'ITE 310', 0),
(236, 'SSP 009', 'Student Success Program 5', '2024-03-18 23:47:01', 1, 0, 'SSP 008', 0),
(238, 'NST 020', 'National Service Training Program 2', '2024-04-05 20:05:21', 3, 0, 'NST 019', 0),
(241, 'ITE 232', 'Advanced Web Development 1', '2024-04-05 20:59:17', 2, 1, 'None', 0),
(242, 'ITE 233', 'Advanced Web Development 2', '2024-04-05 20:59:49', 2, 1, 'ITE 232', 0),
(243, 'ITE 338', 'Principles of Robotics', '2024-04-05 21:02:13', 2, 1, 'None', 0),
(244, 'ITE 339', 'Internet of Things Architecture, Protocol and Applications', '2024-04-05 21:03:14', 2, 1, 'ITE 338', 0),
(245, 'ECE 033', 'Basic Electronics', '2024-04-05 21:03:37', 2, 1, 'ITE 339', 0),
(246, 'ITE 340', 'Embedded System Design', '2024-04-05 21:04:14', 2, 1, 'ITE 339', 0),
(247, 'ITE 336', 'Freehand and Digital Drawings', '2024-04-05 21:04:50', 2, 1, 'None', 0),
(248, 'ITE 150', '3D Animation', '2024-04-05 21:22:56', 2, 1, 'ITE 239', 0),
(249, 'ITE 214', 'Clean Up and In Between Drawing', '2024-04-05 21:23:49', 2, 1, 'ITE 239', 0),
(250, 'BAM 179', 'Business Process Outsourcing 101', '2024-04-05 21:24:39', 2, 1, 'None', 0),
(251, 'BAM 180', 'Business Process Outsourcing 102', '2024-04-05 21:24:59', 2, 1, 'BAM 179', 0),
(252, 'ITE 337', 'Service Culture', '2024-04-05 21:25:23', 2, 1, 'BAM 180', 0),
(253, 'BAM 178', 'System Thinking', '2024-04-05 21:26:03', 2, 1, 'BAM 180', 0),
(254, 'ITE 333', 'Intelligent Systems', '2024-04-06 02:24:27', 2, 1, 'ITE 235', 0),
(255, 'ITE 335', 'Platform Technologies', '2024-04-06 02:27:02', 2, 1, 'ITE 235', 0),
(256, 'ITE 235', 'Game Development', '2024-04-06 02:38:18', 2, 1, 'ITE 387', 0),
(257, 'ITE 341', 'Event-Driven Programming', '2024-04-06 02:50:57', 2, 1, 'None', 0),
(258, 'ITE 342', 'Compositing and Layouting (with Color Theory)', '2024-04-06 02:50:57', 2, 1, 'None', 0),
(259, 'ITE 234', 'Mobile Technology and Wireless Appplication', '2024-04-06 02:50:57', 2, 1, 'None', 0),
(260, 'ITE 145', 'Digital Sound Editing', '2024-04-06 02:50:57', 2, 1, 'None', 0),
(261, 'ITE 247', 'Digital Design', '2024-04-06 02:50:57', 2, 1, 'None', 0),
(262, 'ITE 151', 'Digital Video Producting', '2024-04-06 02:50:57', 2, 1, 'None', 0),
(263, 'ITE 343', 'Control Systems(Arduino, Actuators, Connect to Relay Switch Input)', '2024-04-06 02:50:57', 2, 1, 'None', 0),
(265, 'ITE 302', 'Information Assurance and Security 1', '2024-04-08 00:56:02', 2, 1, 'ITE 031', 0),
(266, 'PED 027', 'Physical Activities Towards Health and Fitness I', '2024-04-08 00:59:47', 2, 0, 'PED 025', 0),
(267, 'PED 028', 'Physical Activities Towards Health and Fitness II', '2024-04-08 01:01:15', 2, 0, 'PED 025', 0),
(268, 'ITE 308', 'Web Systems and Technologies', '2024-04-08 01:04:08', 2, 1, 'ITE 298', 0),
(269, 'ITE 309', 'Capstone Project and Research 1', '2024-04-08 01:05:14', 3, 0, 'ITE 303', 0),
(270, 'ITE 293', 'Systems Administration and Maintenance', '2024-04-08 01:08:02', 2, 1, 'ITE 314', 0),
(271, 'ITE 292', 'Networking 1', '2024-04-08 01:17:57', 2, 1, 'ITE 291', 0),
(272, 'ITE 298', 'Information Management (including Fundamentals Of Database Systems)', '2024-04-08 01:20:14', 2, 1, 'ITE 300', 0),
(275, 'ECE 033', 'none', '2024-04-11 00:02:56', 2, 0, 'none', 0);

-- --------------------------------------------------------

--
-- Table structure for table `system_settings`
--

CREATE TABLE `system_settings` (
  `id` int(30) NOT NULL,
  `name` text NOT NULL,
  `email` varchar(200) NOT NULL,
  `contact` varchar(20) NOT NULL,
  `address` text NOT NULL,
  `cover_img` text NOT NULL
) ENGINE=InnoDB DEFAULT CHARSET=utf8mb4 COLLATE=utf8mb4_general_ci;

--
-- Dumping data for table `system_settings`
--

INSERT INTO `system_settings` (`id`, `name`, `email`, `contact`, `address`, `cover_img`) VALUES
(1, 'Enrollment Advising System', 'info@sample.comm', '+6948 8542 623', '2102  Caldwell Road, Rochester, New York, 14608', '1605927480_download.jpg');

-- --------------------------------------------------------

--
-- Table structure for table `users`
--

CREATE TABLE `users` (
  `id` int(30) NOT NULL,
  `firstname` varchar(200) NOT NULL,
  `lastname` varchar(200) NOT NULL,
  `username` varchar(200) NOT NULL,
  `password` varchar(128) NOT NULL,
  `type` int(1) NOT NULL DEFAULT 1,
  `date_created` datetime NOT NULL DEFAULT current_timestamp(),
  `email` varchar(20) NOT NULL,
  `middlename` varchar(20) NOT NULL,
  `address` varchar(20) NOT NULL,
  `contact` int(15) NOT NULL
) ENGINE=InnoDB DEFAULT CHARSET=utf8mb4 COLLATE=utf8mb4_general_ci;

--
-- Dumping data for table `users`
--

INSERT INTO `users` (`id`, `firstname`, `lastname`, `username`, `password`, `type`, `date_created`, `email`, `middlename`, `address`, `contact`) VALUES
(1, 'Administrator', '', 'admin', '0192023a7bbd73250516f069df18b500', 1, '2023-10-18 13:25:41', '', '', '', 0),
(4, 'Student', '', 'student', '0192023a7bbd73250516f069df18b500', 1, '2023-10-18 13:25:41', '', '', '', 0),
(7, 'jasper', 'velasco', 'jasper', '02b0732024cad6ad3dc2989bc82a1ef5', 1, '2024-04-13 17:41:42', 'ivan@gmail.com', 'br', 'none', 923);

--
-- Indexes for dumped tables
--

--
-- Indexes for table `audit`
--
ALTER TABLE `audit`
  ADD PRIMARY KEY (`AuditID`);

--
-- Indexes for table `curriculum`
--
ALTER TABLE `curriculum`
  ADD PRIMARY KEY (`CurriculumID`);

--
-- Indexes for table `curriculumsubject`
--
ALTER TABLE `curriculumsubject`
  ADD PRIMARY KEY (`CurriculumSubjectID`);

--
-- Indexes for table `results`
--
ALTER TABLE `results`
  ADD PRIMARY KEY (`id`);

--
-- Indexes for table `studentcurriculumsubject`
--
ALTER TABLE `studentcurriculumsubject`
  ADD PRIMARY KEY (`StudentCurriculumSubjectID`);

--
-- Indexes for table `students`
--
ALTER TABLE `students`
  ADD PRIMARY KEY (`id`);

--
-- Indexes for table `subjects`
--
ALTER TABLE `subjects`
  ADD PRIMARY KEY (`SubjectID`);

--
-- Indexes for table `system_settings`
--
ALTER TABLE `system_settings`
  ADD PRIMARY KEY (`id`);

--
-- Indexes for table `users`
--
ALTER TABLE `users`
  ADD PRIMARY KEY (`id`);

--
-- AUTO_INCREMENT for dumped tables
--

--
-- AUTO_INCREMENT for table `audit`
--
ALTER TABLE `audit`
  MODIFY `AuditID` int(11) NOT NULL AUTO_INCREMENT, AUTO_INCREMENT=85;

--
-- AUTO_INCREMENT for table `curriculum`
--
ALTER TABLE `curriculum`
  MODIFY `CurriculumID` int(128) NOT NULL AUTO_INCREMENT, AUTO_INCREMENT=131;

--
-- AUTO_INCREMENT for table `curriculumsubject`
--
ALTER TABLE `curriculumsubject`
  MODIFY `CurriculumSubjectID` int(11) NOT NULL AUTO_INCREMENT, AUTO_INCREMENT=516;

--
-- AUTO_INCREMENT for table `results`
--
ALTER TABLE `results`
  MODIFY `id` int(30) NOT NULL AUTO_INCREMENT, AUTO_INCREMENT=3;

--
-- AUTO_INCREMENT for table `studentcurriculumsubject`
--
ALTER TABLE `studentcurriculumsubject`
  MODIFY `StudentCurriculumSubjectID` int(11) NOT NULL AUTO_INCREMENT, AUTO_INCREMENT=5306;

--
-- AUTO_INCREMENT for table `students`
--
ALTER TABLE `students`
  MODIFY `id` int(30) NOT NULL AUTO_INCREMENT, AUTO_INCREMENT=134;

--
-- AUTO_INCREMENT for table `subjects`
--
ALTER TABLE `subjects`
  MODIFY `SubjectID` int(30) NOT NULL AUTO_INCREMENT, AUTO_INCREMENT=293;

--
-- AUTO_INCREMENT for table `system_settings`
--
ALTER TABLE `system_settings`
  MODIFY `id` int(30) NOT NULL AUTO_INCREMENT, AUTO_INCREMENT=4;

--
-- AUTO_INCREMENT for table `users`
--
ALTER TABLE `users`
  MODIFY `id` int(30) NOT NULL AUTO_INCREMENT, AUTO_INCREMENT=8;
COMMIT;

/*!40101 SET CHARACTER_SET_CLIENT=@OLD_CHARACTER_SET_CLIENT */;
/*!40101 SET CHARACTER_SET_RESULTS=@OLD_CHARACTER_SET_RESULTS */;
/*!40101 SET COLLATION_CONNECTION=@OLD_COLLATION_CONNECTION */;
